-- MySQL dump 10.13  Distrib 8.0.31, for Win64 (x86_64)
--
-- Host: localhost    Database: liquors_warehouse
-- ------------------------------------------------------
-- Server version	5.5.5-10.11.0-MariaDB

/*!40101 SET @OLD_CHARACTER_SET_CLIENT=@@CHARACTER_SET_CLIENT */;
/*!40101 SET @OLD_CHARACTER_SET_RESULTS=@@CHARACTER_SET_RESULTS */;
/*!40101 SET @OLD_COLLATION_CONNECTION=@@COLLATION_CONNECTION */;
/*!50503 SET NAMES utf8mb4 */;
/*!40103 SET @OLD_TIME_ZONE=@@TIME_ZONE */;
/*!40103 SET TIME_ZONE='+00:00' */;
/*!40014 SET @OLD_UNIQUE_CHECKS=@@UNIQUE_CHECKS, UNIQUE_CHECKS=0 */;
/*!40014 SET @OLD_FOREIGN_KEY_CHECKS=@@FOREIGN_KEY_CHECKS, FOREIGN_KEY_CHECKS=0 */;
/*!40101 SET @OLD_SQL_MODE=@@SQL_MODE, SQL_MODE='NO_AUTO_VALUE_ON_ZERO' */;
/*!40111 SET @OLD_SQL_NOTES=@@SQL_NOTES, SQL_NOTES=0 */;

--
-- Table structure for table `beers`
--

DROP TABLE IF EXISTS `beers`;
/*!40101 SET @saved_cs_client     = @@character_set_client */;
/*!50503 SET character_set_client = utf8mb4 */;
CREATE TABLE `beers` (
  `product_id` int(11) NOT NULL,
  `name` varchar(50) DEFAULT NULL,
  `categories` varchar(50) DEFAULT NULL,
  `type` varchar(50) DEFAULT NULL,
  `abv` float unsigned DEFAULT NULL,
  `capacity` int(10) unsigned DEFAULT NULL,
  `brand` varchar(50) DEFAULT NULL,
  `country` varchar(50) DEFAULT NULL,
  PRIMARY KEY (`product_id`),
  CONSTRAINT `beers_ibfk_1` FOREIGN KEY (`product_id`) REFERENCES `products` (`product_id`) ON DELETE CASCADE
) ENGINE=InnoDB DEFAULT CHARSET=latin1;
/*!40101 SET character_set_client = @saved_cs_client */;

--
-- Dumping data for table `beers`
--

LOCK TABLES `beers` WRITE;
/*!40000 ALTER TABLE `beers` DISABLE KEYS */;
INSERT INTO `beers` VALUES (1,'Bud Light','Pale Lager, Lager, American-Style Lager','Pale Lager',5.8,50,'Bud Light','United States'),(2,'Coors Light Lager Beer','Pale Lager, Lager, American-Style Lager','Pale Lager',5.6,11,'Coors Beer','United States'),(3,'Miller Lite Lager Beer','Pale Lager, Lager, American-Style Lager','Pale Lager',5.1,16,'Miller Brewing Co.','United States'),(4,'Corona Extra','Pale Lager, Lager, American-Style Lager','Pale Lager',2.6,12,'Corona','Mexico'),(5,'Michelob ULTRA','Pale Lager, Lager, American-Style Lager','Pale Lager',2.7,80,'Michelob','United States'),(6,'Stella Artois','Pale Lager, Lager','Pale Lager',5.5,75,'Stella Artois','Belgium'),(7,'Modelo Especial','Pale Lager, Lager, American-Style Lager','Pale Lager',4.1,98,'Modelo Beer','Mexico'),(8,'Guinness Draught','Stout, Dry Stout, ALE','Stout',2.7,22,'Guinness','Ireland'),(9,'Blue Moon Belgian White Wheat Beer','Witbier, Wheat Ale, ALE','Witbier',4.2,92,'Blue Moon Beer','United States'),(10,'Heineken Lager','Pale Lager, Lager','Pale Lager',4.8,65,'Heineken','Netherlands'),(11,'Budweiser','Pale Lager, Lager, American-Style Lager','Pale Lager',4.1,18,'Budweiser','United States'),(12,'Lagunitas IPA','IPA, ALE','IPA',6.4,76,'Lagunitas Beer','United States'),(13,'Corona Light','Pale Lager, Lager, American-Style Lager','Pale Lager',4.6,9,'Corona','Mexico'),(14,'New Belgium Fat Tire Amber Ale','Amber / Red Ale, ALE','Amber / Red Ale',2.7,37,'New Belgium Brewing Company','United States'),(15,'New Belgium Voodoo Ranger Imperial IPA','IPA, Imperial / Double IPA, ALE','IPA',6.1,85,'New Belgium Brewing Company','United States'),(16,'Yuengling Traditional Lager','Lager, Amber / Vienna Lager','Lager',3.5,53,'Yuengling','United States'),(17,'Corona Premier','Pale Lager, Lager, American-Style Lager','Pale Lager',2.5,96,'Corona','Mexico'),(18,'Pabst Blue Ribbon','Pale Lager, Lager, American-Style Lager','Pale Lager',4.6,48,'Pabst Blue Ribbon Beer','United States'),(19,'Sierra Nevada Hazy Little Thing IPA','New England / Hazy IPA, IPA, ALE','New England / Hazy IPA',4.3,11,'Sierra Nevada','United States'),(20,'Samuel Adams Octoberfest','Seasonal Beer','Pale Lager',6.4,66,'Samuel Adams','United States'),(21,'Founders All Day IPA','Session IPA, IPA, ALE','Session IPA',2.5,97,'Founders Brewing Company','United States'),(22,'Dos Equis Lager','Pale Lager, Lager, American-Style Lager','Pale Lager',2.3,84,'Dos Equis','Mexico'),(23,'Miller High Life American Lager Beer','Pale Lager, Lager, American-Style Lager','Pale Lager',4.7,17,'Miller Brewing Co.','United States'),(24,'Coors Banquet Lager Beer','Pale Lager, Lager, American-Style Lager','Pale Lager',3.4,21,'Coors Beer','United States'),(25,'Bud Light Platinum','Pale Lager, Lager, American-Style Lager','Pale Lager',2.3,98,'Bud Light','United States'),(26,'Bell’s Two Hearted Ale IPA','IPA, Imperial / Double IPA, ALE','IPA',5.9,49,'Bell\'s Brewery','United States'),(27,'Bud Light Lime','Pale Lager, Lager, American-Style Lager','Pale Lager',2.7,87,'Bud Light','United States'),(28,'Modelo Negra','Lager, Amber / Vienna Lager','Lager',4.9,80,'Modelo Beer','Mexico'),(29,'Pacifico Clara','Pale Lager, Lager','Pale Lager',4.8,15,'Pacifico','Mexico'),(30,'Samuel Adams Boston Lager Beer','Lager, Amber / Vienna Lager','Lager',6.1,82,'Samuel Adams','United States'),(31,'Peroni Nastro Azzurro Pale Lager Beer','Pale Lager, Lager, Dortmunder / Export Lager','Pale Lager',6.3,49,'Peroni','Italy'),(32,'Allagash White','Witbier, Wheat Ale, ALE','Witbier',3.6,2,'Allagash','United States'),(33,'Narragansett Lager','Pale Lager, Lager, American-Style Lager','Pale Lager',5.2,80,'Narragansett','United States'),(34,'Busch Light','Pale Lager, Lager, American-Style Lager','Pale Lager',4,70,'Busch','United States'),(35,'Guinness Extra Stout','Stout, Dry Stout, ALE','Stout',5.4,78,'Guinness','Ireland'),(36,'Michelob Ultra Pure Gold','Pale Lager, Lager, American-Style Lager','Pale Lager',5.7,43,'Michelob','United States'),(37,'Sierra Nevada Pale Ale','Pale Ale, American Pale Ale, ALE','Pale Ale',4.8,13,'Sierra Nevada','United States'),(38,'Cigar City Brewing Jai Alai IPA','IPA, ALE','IPA',5.7,91,'Cigar City Brewing','United States'),(39,'Left Hand Milk Stout Nitro','Stout, Milk Stout, ALE','Stout',4.9,71,'Left Hand','United States'),(40,'New Belgium Voodoo Ranger IPA','IPA, ALE','IPA',4.9,96,'New Belgium Brewing Company','United States'),(41,'Shiner Bock','Lager, Bock','Lager',4.1,78,'Shiner','United States'),(42,'Natural Light','Pale Lager, Lager, American-Style Lager','Pale Lager',6.4,73,'Natural Light','United States'),(43,'Victory Brewing Sour Monkey','Sour / Wild Ale, ALE','Sour / Wild Ale',6.2,12,'Victory Brewing Company','United States'),(44,'Lawson’s Sip of Sunshine IPA','New England / Hazy IPA, IPA, ALE','New England / Hazy IPA',3.8,72,'Lawson\'s Finest Liquids','United States'),(45,'Lagunitas Little Sumpin’ Sumpin’ Ale','Wheat Ale, ALE','Wheat Ale',4.3,60,'Lagunitas Beer','United States'),(46,'Dogfish Head Seaquench Ale','Sour / Wild Ale, Gose, ALE','Sour / Wild Ale',3.4,27,'Dogfish Head','United States'),(47,'New Belgium Voodoo Ranger Juicy Haze IPA','New England / Hazy IPA, IPA, ALE','New England / Hazy IPA',4,84,'New Belgium Brewing Company','United States'),(48,'Victory Golden Monkey','Tripel, Belgian-Style Ale, ALE','Tripel',2.1,33,'Victory Brewing Company','United States'),(49,'Lagunitas Hazy Wonder','New England / Hazy IPA, IPA, ALE','New England / Hazy IPA',4.2,31,'Lagunitas Beer','United States'),(50,'Heineken Light','Pale Lager, Lager, American-Style Lager','Pale Lager',5.7,82,'Heineken','Netherlands'),(51,'Kona Big Wave Golden Ale','Golden / Blonde Ale, ALE','Golden / Blonde Ale',5.7,21,'Kona','United States'),(52,'Dogfish Head 90 Minute IPA','IPA, Imperial / Double IPA, ALE','IPA',3.3,33,'Dogfish Head','United States'),(53,'Mighty Squirrel Cloud Candy IPA','New England / Hazy IPA, IPA, ALE','New England / Hazy IPA',5.2,39,'Mighty Squirrel','United States'),(54,'Lagunitas DayTime IPA','Session IPA, IPA, ALE','Session IPA',2.1,34,'Lagunitas Beer','United States'),(55,'Elysian Brewing Space Dust IPA','IPA, ALE','IPA',6.7,96,'Elysian','United States'),(56,'Rolling Rock Extra Pale','Pale Lager, Lager, American-Style Lager','Pale Lager',5.9,98,'Rolling Rock','United States'),(57,'Shipyard Seasonal','Seasonal Beer','#VALUE!',5.4,7,'Shipyard','United States'),(58,'Lord Hobo Boomsauce Double IPA','IPA, Imperial / Double IPA, ALE','IPA',3,76,'Lord Hobo','United States'),(59,'Tecate','Pale Lager, Lager, American-Style Lager','Pale Lager',5.6,29,'Tecate','Mexico'),(60,'Night Shift Santilli IPA','IPA, ALE','IPA',5,92,'Night Shift','United States'),(61,'Red Stripe','Pale Lager, Lager','Pale Lager',6.1,85,'Red Stripe','Jamaica'),(62,'Pilsner Urquell Beer','Pilsner, Lager','Pilsner',4.1,36,'Pilsner Urquell','Czech Republic'),(63,'Oskar Blues Dale’s Pale Ale','Pale Ale, American Pale Ale, ALE','Pale Ale',6.6,49,'Oskar Blues Brewery','United States'),(64,'Corona Extra Coronita','Pale Lager, Lager, American-Style Lager','Pale Lager',6.6,79,'Corona','Mexico'),(65,'Breckenridge Brewery 15 Can Sampler Pack','IPA, ALE','IPA',6.6,37,'Breckenridge Brewery','United States'),(66,'Sixpoint Resin','IPA, Imperial / Double IPA, ALE','IPA',4.2,42,'Sixpoint','United States'),(67,'Hoegaarden White','Witbier, Wheat Ale, ALE','Witbier',4.1,54,'Hoegaarden','Belgium'),(68,'Harpoon IPA','IPA, ALE','IPA',3.7,17,'Harpoon','United States'),(69,'Golden Road Brewing Mango Cart','Wheat Ale, ALE','Wheat Ale',4.2,17,'Golden Road Brewing','United States'),(70,'Stone Delicious IPA','IPA, ALE','IPA',3.7,32,'Stone Brewing Co.','United States'),(71,'Amstel Light','Pale Lager, Lager, American-Style Lager','Pale Lager',3,71,'Amstel','Netherlands'),(72,'Ballast Point Sculpin IPA','IPA, ALE','IPA',6.2,99,'Ballast Point','United States'),(73,'Schöfferhofer Grapefruit Hefeweizen','Wheat Ale, Hefeweizen, ALE','Wheat Ale',2.4,22,'Schofferhofer','Germany'),(74,'Blue Moon Light Sky Wheat Beer','Wheat Ale, ALE','Wheat Ale',6.9,58,'Blue Moon Beer','United States'),(75,'Natural Ice','Pale Lager, Lager, American-Style Lager','Pale Lager',2.3,94,'Natural Light','United States'),(76,'New Holland Dragon’s Milk Bourbon Barrel Stout','Stout, Imperial Stout, ALE','Stout',4.4,39,'New Holland','United States'),(77,'Sloop Brewing Juice Bomb IPA','New England / Hazy IPA, IPA, ALE','New England / Hazy IPA',2.6,34,'Sloop Brewing Co.','United States'),(78,'Yuengling Light Lager','Pale Lager, Lager, American-Style Lager','Pale Lager',4.4,9,'Yuengling','United States'),(80,'Odell 90 Shilling Ale','Amber / Red Ale, ALE','Amber / Red Ale',5.6,72,'Odell','United States'),(81,'Guinness Baltimore Blonde','Pale Lager, Lager, American-Style Lager','Pale Lager',5.8,22,'Guinness','United States'),(82,'Dogfish Head Slightly Mighty','IPA, ALE','IPA',2.3,64,'Dogfish Head','United States'),(83,'Night Shift Nite Lite Craft Light Lager','Pale Lager, Lager, American-Style Lager','Pale Lager',3.5,62,'Night Shift','United States'),(84,'Brooklyn Lager','Lager, Amber / Vienna Lager','Lager',6,44,'Brooklyn Brewery','United States'),(85,'New Belgium Voodoo Ranger Rotating IPA Series','IPA, ALE','IPA',3.2,29,'New Belgium Brewing Company','United States'),(86,'Dogfish Head 60 Minute IPA','IPA, ALE','IPA',6.8,93,'Dogfish Head','United States'),(87,'Beck’s','Pilsner, Lager','Pilsner',6.7,35,'Beck\'s','Germany'),(88,'Maine Beer Company Lunch','IPA, ALE','IPA',3,92,'Maine Beer Company','United States'),(89,'Station 26 Juicy Banger IPA','IPA, ALE','IPA',5.1,100,'Station 26','United States'),(90,'Lagunitas Super Cluster IPA','IPA, Imperial / Double IPA, ALE','IPA',2.4,27,'Lagunitas Beer','United States'),(91,'Odell IPA','IPA, ALE','IPA',6.1,84,'Odell','United States'),(92,'Sierra Nevada Torpedo Extra IPA','IPA, ALE','IPA',4.4,73,'Sierra Nevada','United States'),(93,'Firestone Walker Mind Haze','New England / Hazy IPA, IPA, ALE','New England / Hazy IPA',2.1,18,'Firestone Walker','United States'),(94,'Weihenstaphaner Hefe Weissbier','Wheat Ale, Hefeweizen, ALE','Wheat Ale',6.9,57,'Weihenstephaner','Germany'),(95,'Revolver Brewing Blood and Honey','Wheat Ale, ALE','Wheat Ale',6.5,3,'Revolver Brewing','United States'),(96,'Firestone Walker 805','Golden / Blonde Ale, ALE','Golden / Blonde Ale',5,3,'Firestone Walker','United States'),(97,'Stone IPA','IPA, ALE','IPA',5.1,28,'Stone Brewing Co.','United States'),(98,'Dry Dock Brewing Apricot Blonde','Golden / Blonde Ale, ALE','Golden / Blonde Ale',3.2,67,'Dry Dock','United States'),(99,'LandShark Lager','Pale Lager, Lager, American-Style Lager','Pale Lager',6.6,62,'Landshark','United States'),(100,'Blue Moon Mango Wheat Beer','Wheat Ale, ALE','Wheat Ale',6.5,27,'Blue Moon Beer','United States');
/*!40000 ALTER TABLE `beers` ENABLE KEYS */;
UNLOCK TABLES;

--
-- Table structure for table `clients`
--

DROP TABLE IF EXISTS `clients`;
/*!40101 SET @saved_cs_client     = @@character_set_client */;
/*!50503 SET character_set_client = utf8mb4 */;
CREATE TABLE `clients` (
  `client_id` int(11) NOT NULL AUTO_INCREMENT,
  `name` varchar(50) DEFAULT NULL,
  `pesel` char(10) DEFAULT NULL,
  `address` varchar(50) DEFAULT NULL,
  `phone_number` varchar(12) DEFAULT NULL,
  `email` varchar(50) DEFAULT NULL,
  PRIMARY KEY (`client_id`)
) ENGINE=InnoDB AUTO_INCREMENT=94 DEFAULT CHARSET=latin1;
/*!40101 SET character_set_client = @saved_cs_client */;

--
-- Dumping data for table `clients`
--

LOCK TABLES `clients` WRITE;
/*!40000 ALTER TABLE `clients` DISABLE KEYS */;
INSERT INTO `clients` VALUES (2,'Tammy Carroll','730703','378 Luke Courts Suite 837 Sarahtown, HI 12295','339.695.1953','whitejason@example.net'),(6,'Brian Stein','358023','494 Davis Parkway South Mikaylashire, RI 47057','350-852-0349','cassandra13@example.com'),(10,'Bobby Cohen','977343','8299 Brian Mews North David, MP 76359','816.247.1027','vbrooks@example.org'),(16,'Dean Brooks','573943','61162 Martinez Drives West Linda, LA 78539','327-829-6628','markalexander@example.net'),(17,'Mark Johnson','325391','833 Eric Plains Barnettton, OH 50788','9586370057','christinaalvarez@example.net'),(19,'Angel Evans','681663','PSC 1001, Box 2015 APO AE 73640','077-301-2304','brownbrian@example.net'),(30,'Hunter Macdonald','409175','349 Bryant Summit Matthewsville, WY 75692','444-970-3049','christopherbutler@example.net'),(39,'Bruce Shaw','881023','2193 Marshall Walk Lake Jason, OR 39857','3568857419','gcruz@example.net'),(42,'Manuel Thomas','447119','1764 Mills Mount Evansstad, WV 81110','2100440127','anthonysmith@example.net'),(50,'Jessica Kaiser','980319','07811 Miller Via Apt. 316 Jasmineland, PW 51777','3238245723','kathleennelson@example.com'),(52,'Joseph Donaldson','881655','7487 Kimberly Forks Suite 854 Toddport, CA 33349','080.012.0940','peterkeller@example.org'),(54,'Jesus Moody','671847','47869 Robert Ranch Jacobsbury, MP 99825','3613764292','michael78@example.org'),(61,'Mark Dixon','578503','571 Rush Flats New Jaclyn, GA 16523','4310000724','dgood@example.org'),(63,'Elizabeth Lee','600575','642 John Underpass Lake Tommyview, ID 69541','289-624-1868','manuel56@example.net'),(66,'Charles Rivera','170455','22133 Salazar Ridges Port Peterhaven, SC 74092','507.484.3712','jamescarter@example.com'),(69,'Laura Cox','319719','809 Navarro Lodge Michaeltown, OH 54996','7815467604','smithsteven@example.com'),(70,'Monique Lopez','406175','8753 Lori Wall New Crystal, DE 62239','931-967-0566','brianmorris@example.com'),(73,'Barry Delacruz','548151','74460 Haley Unions Apt. 867 New Glenn, NM 43246','559.302.3419','mary01@example.net'),(80,'Veronica Williams','952559','17319 Duane Cliff Wangville, NH 05233','854.975.3978','silvascott@example.net'),(81,'Sandra Diaz','860431','79892 Courtney Fort Apt. 206 West David, WY 26263','084.689.9158','meganglass@example.org'),(91,'Arthur Stokes','258759','4616 James Terrace New Andrew, MD 70600','2586462576','tinaheath@example.org'),(93,'Karen Taylor','632671','11796 Mary Summit Suite 843 Port Robert, TX 88497','427.613.5206','johngarza@example.com');
/*!40000 ALTER TABLE `clients` ENABLE KEYS */;
UNLOCK TABLES;

--
-- Table structure for table `liquors`
--

DROP TABLE IF EXISTS `liquors`;
/*!40101 SET @saved_cs_client     = @@character_set_client */;
/*!50503 SET character_set_client = utf8mb4 */;
CREATE TABLE `liquors` (
  `product_id` int(11) NOT NULL,
  `name` varchar(50) DEFAULT NULL,
  `categories` varchar(50) DEFAULT NULL,
  `type` enum('vodka','whiskey','Liqueur') DEFAULT NULL,
  `abv` float unsigned DEFAULT NULL,
  `capacity` int(10) unsigned DEFAULT NULL,
  `brand` varchar(50) DEFAULT NULL,
  `country` varchar(50) DEFAULT NULL,
  PRIMARY KEY (`product_id`),
  CONSTRAINT `liquors_ibfk_1` FOREIGN KEY (`product_id`) REFERENCES `products` (`product_id`) ON DELETE CASCADE
) ENGINE=InnoDB DEFAULT CHARSET=latin1;
/*!40101 SET character_set_client = @saved_cs_client */;

--
-- Dumping data for table `liquors`
--

LOCK TABLES `liquors` WRITE;
/*!40000 ALTER TABLE `liquors` DISABLE KEYS */;
INSERT INTO `liquors` VALUES (201,'Kahlua','Liqueur, Coffee Liqueur','Liqueur',13.7,47,'Kahlua Liqueur','Mexico'),(202,'Baileys Irish Cream Original','Liqueur, Cream Liqueur','Liqueur',14.1,68,'Baileys Liqueur','Ireland'),(203,'Grand Marnier Cordon Rouge','Liqueur, Citrus, Triple Sec Liqueur','Liqueur',14.4,96,'Grand Marnier Liqueur','France'),(204,'Disaronno Originale Amaretto','Nuts, Amaretto Liqueur, Liqueur','Liqueur',33,82,'Disaronno Amaretto','Italy'),(205,'Cointreau','Liqueur, Citrus, Triple Sec Liqueur','Liqueur',17,62,'Cointreau','France'),(206,'RumChata','Liqueur, Cream Liqueur','Liqueur',23.9,82,'RumChata','United States'),(207,'Campari','Liqueur','Liqueur',25.6,75,'Campari','Italy'),(208,'Aperol','Liqueur','Liqueur',16.4,90,'Aperol','Italy'),(209,'Jägermeister','Liqueur, Herbal, Spice Liqueur','Liqueur',34.9,44,'Jagermeister Liqueur','Germany'),(210,'St-Germain Elderflower Liqueur','Liqueur, Herbal, Spice Liqueur','Liqueur',25.1,67,'St-Germain','France'),(211,'Pennsylvania Dutch Egg Nog','Liqueur','Liqueur',14.2,25,'Pennsylvania Dutch','United States'),(212,'Chambord Black Raspberry Liqueur','Liqueur, Fruit Liqueur','Liqueur',23.9,70,'Chambord','France'),(213,'Frangelico Hazelnut Liqueur','Nuts, Amaretto Liqueur, Liqueur','Liqueur',38.1,54,'Frangelico','Italy'),(214,'Carolans Irish Cream','Liqueur','Liqueur',15.6,43,'Carolans','Ireland'),(215,'Rumple Minze Peppermint Schnapps','Liqueur','Liqueur',20.4,54,'Rumple Minze','Germany'),(216,'Kahlua Salted Caramel','Liqueur, Chocolate, Sweet Liqueur','Liqueur',21.4,64,'Kahlua Liqueur','Mexico'),(217,'Molly’s Irish Cream','Liqueur','Liqueur',27.2,16,'Molly\'s','Ireland'),(218,'Tequila Rose','Liqueur, Cream Liqueur','Liqueur',40,26,'Tequila Rose','United States'),(219,'DeKuyper Peachtree Schnapps Liqueur','Liqueur','Liqueur',39.7,8,'DeKuyper Liqueur','United States'),(220,'Saint Brendan’s Irish Cream Liqueur','Liqueur, Cream Liqueur','Liqueur',17,9,'Saint Brendan\'s','Ireland'),(221,'Baileys Salted Caramel','Liqueur, Chocolate, Sweet Liqueur','Liqueur',22.1,52,'Baileys Liqueur','Ireland'),(222,'Kahlua Chili Chocolate Coffee Liqueur','Liqueur, Chocolate, Sweet Liqueur','Liqueur',34.5,62,'Kahlua Liqueur','Mexico'),(223,'Baileys Irish Cream Strawberries , Cream','Liqueur, Cream Liqueur','Liqueur',29.7,37,'Baileys Liqueur','Ireland'),(224,'Amaretto di Amore','Nuts, Amaretto Liqueur, Liqueur','Liqueur',23.6,5,'Di Amore','Italy'),(225,'Baileys Red Velvet','Liqueur, Cream Liqueur','Liqueur',24.9,90,'Baileys Liqueur','Ireland'),(226,'Fernet-Branca','Liqueur, Herbal, Spice Liqueur','Liqueur',27.5,80,'Distillerie Fratelli Branca','Italy'),(227,'Romana Sambuca','Liqueur','Liqueur',24.7,94,'Romana Sambuca','Italy'),(228,'Kahlua Mudslide','Liqueur','Liqueur',29,42,'Kahlua Liqueur','Mexico'),(229,'Chartreuse Green Liqueur','Liqueur, Herbal, Spice Liqueur','Liqueur',20.7,99,'Chartreuse','France'),(230,'Kinky Pink Liqueur','Liqueur','Liqueur',19.8,71,'Kinky','United States'),(231,'Amarula Cream Liqueur','Liqueur, Cream Liqueur','Liqueur',14.3,43,'Amarula','South Africa'),(232,'99 Bananas Liqueur','Liqueur, Fruit Liqueur','Liqueur',21.5,40,'99 Brand','United States'),(233,'BACARDÍ Coquito Coconut Cream Liqueur','Liqueur, Cream Liqueur','Liqueur',30.4,22,'Bacardi Rum','Puerto Rico'),(234,'Dr. McGillicuddy’s Mentholmint Liqueur','Liqueur, Herbal, Spice Liqueur','Liqueur',25.9,28,'Dr. McGillicuddy\'s','United States'),(235,'Hpnotiq','Liqueur','Liqueur',25.8,20,'Hpnotiq','France'),(236,'Midori Melon Liqueur','Liqueur','Liqueur',27.3,80,'Midori','Japan'),(237,'Patrón XO Cafe','Liqueur, Coffee Liqueur','Liqueur',34.8,83,'Patrón','Mexico'),(238,'Ryan’s Irish Cream','Liqueur','Liqueur',26.7,36,'Ryan\'s','Ireland'),(239,'Godiva Chocolate Liqueur','Liqueur, Chocolate, Sweet Liqueur','Liqueur',12.1,48,'Godiva','United States'),(240,'Licor 43','Liqueur, Chocolate, Sweet Liqueur','Liqueur',30.4,52,'Licor 43','Spain'),(241,'Drambuie The Isle of Skye Scotch Liqueur','Liqueur','Liqueur',18.3,48,'Drambuie','Scotland'),(242,'DeKuyper Blue Curacao Liqueur','Liqueur','Liqueur',23.5,23,'DeKuyper Liqueur','United States'),(243,'DeKuyper Peppermint Schnapps Liqueur','Liqueur, Herbal, Spice Liqueur','Liqueur',11.2,85,'DeKuyper Liqueur','United States'),(244,'Baileys Apple Pie Irish Cream Liqueur','Other Liqueur, Liqueur','Liqueur',30.3,98,'Baileys Liqueur','Ireland'),(245,'DeKuyper Buttershots Schnapps Liqueur','Liqueur','Liqueur',35.4,21,'DeKuyper Liqueur','United States'),(246,'Luxardo Maraschino Liqueur','Liqueur, Fruit Liqueur','Liqueur',17.6,18,'Luxardo','Italy'),(247,'Patrón Citrónge Orange','Liqueur, Citrus, Triple Sec Liqueur','Liqueur',38.8,2,'Patrón','Mexico'),(248,'Averna Amaro','Liqueur','Liqueur',15,34,'Averna','Italy'),(249,'Godiva White Chocolate Liqueur','Liqueur, Chocolate, Sweet Liqueur','Liqueur',15.7,20,'Godiva','United States'),(250,'Kamora Coffee Liqueur','Liqueur','Liqueur',18.5,27,'Kamora','Mexico'),(251,'Pimm’s No. 1 Cup','Liqueur','Liqueur',34.8,97,'Pimm\'s','United Kingdom'),(253,'Mr. Black Cold Brew Coffee Liquor','Liqueur, Coffee Liqueur','Liqueur',23.9,66,'Mr. Black','Australia'),(254,'Pallini Limoncello','Liqueur, Fruit Liqueur','Liqueur',30.4,88,'Pallini','Italy'),(255,'Baileys Chocolate Cherry','Liqueur, Chocolate, Sweet Liqueur','Liqueur',33.4,25,'Baileys Liqueur','Ireland'),(256,'Alize Red Passion','Liqueur, Fruit Liqueur','Liqueur',17.6,90,'Alize','France'),(257,'PAMA Pomegranate Liqueur','Liqueur','Liqueur',22.6,95,'Pama','United States'),(258,'Baileys Irish Cream Vanilla Cinnamon','Liqueur','Liqueur',21.8,3,'Baileys Liqueur','Ireland'),(259,'BÉNÉDICTINE D.O.M. Liqueur','Liqueur, Herbal, Spice Liqueur','Liqueur',17.2,92,'Benedictine','France'),(260,'Caravella Limoncello','Liqueur','Liqueur',30.6,95,'Caravella','Italy'),(261,'Five Farms Irish Cream Liqueur','Liqueur, Cream Liqueur','Liqueur',24.6,79,'Five Farms','Ireland'),(262,'Kinky Blue Liqueur','Liqueur','Liqueur',23.3,98,'Kinky','United States'),(263,'99 Watermelons Liqueur','Liqueur, Fruit Liqueur','Liqueur',15.5,45,'99 Brand','United States'),(264,'Disaronno Velvet Cream Liqueur','Liqueur, Cream Liqueur','Liqueur',19.4,9,'Disaronno Amaretto','Italy'),(265,'Brady’s Irish Cream','Liqueur','Liqueur',11.3,46,'Brady\'s','Ireland'),(266,'Montenegro Amaro Italiano Liqueur','Liqueur','Liqueur',19.1,29,'Montenegro S.R.L.','Montenegro'),(267,'Hiram Walker Peppermint Schnapps 90 Proof','Liqueur','Liqueur',25.8,30,'Hiram Walker','Canada'),(268,'RumHaven Caribbean Rum with Coconut Liqueur','Liqueur, Fruit Liqueur','Liqueur',38.3,8,'RumHaven','Canada'),(269,'Domaine De Canton','Liqueur','Liqueur',21.4,19,'Domaine de Canton','France'),(270,'Hiram Walker Pepperment Schnapps 60 Proof','Liqueur','Liqueur',22.8,59,'Hiram Walker','United States'),(272,'Pernod Anise','Liqueur','Liqueur',28.4,59,'Pernod','France'),(273,'99 Peppermint Liqueur','Liqueur','Liqueur',21.9,69,'99 Brand','United States'),(274,'Alizé Gold Passion','Liqueur','Liqueur',20.5,36,'Alize','France'),(275,'Amaro Nonino Quintessentia','Liqueur','Liqueur',33.6,7,'Nonino Grappa','Italy'),(276,'Baileys Espresso Creme','Liqueur','Liqueur',12.6,81,'Baileys Liqueur','Ireland'),(277,'99 Apples Liqueur','Liqueur','Liqueur',11.4,28,'99 Brand','United States'),(278,'Chartreuse Yellow Liqueur','Other Liqueur, Liqueur','Liqueur',13.6,76,'Chartreuse','France'),(279,'Emmets Irish Cream','Liqueur, Cream Liqueur','Liqueur',17.4,29,'Emmets','Ireland'),(280,'Goldschlager Cinnamon Liqueur','Liqueur, Herbal, Spice Liqueur','Liqueur',16.5,61,'Goldschlager','Switzerland'),(281,'Pierre Ferrand Dry Curacao','Liqueur, Citrus, Triple Sec Liqueur','Liqueur',17.9,82,'Pierre Ferrand','France'),(282,'Jagermeister Cold Brew Coffee','Liqueur, Coffee Liqueur','Liqueur',16.8,11,'Jagermeister Liqueur','Germany'),(283,'DeKuyper Watermelon Pucker Schnapps Liqueur','Liqueur','Liqueur',20.9,61,'DeKuyper Liqueur','United States'),(284,'St. Elder Natural Elderflower Liqueur','Liqueur','Liqueur',22,3,'St. Elder','United States'),(285,'Dekuyper Crème de Cacao Dark Liqueur','Liqueur, Cream Liqueur','Liqueur',26.9,20,'DeKuyper Liqueur','Netherlands'),(286,'Cynar','Liqueur, Herbal, Spice Liqueur','Liqueur',35.6,59,'Cynar','Italy'),(287,'Gran Gala Orange Liqueur','Liqueur, Citrus, Triple Sec Liqueur','Liqueur',19.2,62,'Gran Gala','Italy'),(288,'99 Peaches Liqueur','Liqueur, Fruit Liqueur','Liqueur',19.3,59,'99 Brand','United States'),(289,'Dr. McGillicuddy’s Root Beer Liqueur','Liqueur','Liqueur',19.6,66,'Dr. McGillicuddy\'s','United States'),(290,'Becherovka Herbal Liqueur','Liqueur','Liqueur',24.9,77,'Jan Becher','Czech Republic'),(291,'Grand Marnier Cuvée du Centenaire','Liqueur','Liqueur',25.6,85,'Grand Marnier Liqueur','France'),(292,'B,B Liqueur','Liqueur, Herbal, Spice Liqueur','Liqueur',13.3,42,'B,B','France'),(293,'Deep South Egg Nog','Other Liqueur, Liqueur','Liqueur',13.5,30,'Deep South','United States'),(294,'Rothman , Winter Creme de Violette','Liqueur','Liqueur',27.8,85,'Rothman , Winter','Austria'),(295,'DeKuyper Amaretto Liqueur','Nuts, Amaretto Liqueur, Liqueur','Liqueur',11.2,94,'DeKuyper Liqueur','Netherlands'),(296,'Alize Blue Passion','Liqueur, Fruit Liqueur','Liqueur',34.2,35,'Alize','France'),(297,'Leroux Polish Blackberry Flavored Brandy','Liqueur','Liqueur',27,60,'Leroux','Poland'),(298,'Michael’s Irish Cream','Liqueur','Liqueur',34.5,64,'Michael\'s','Ireland'),(299,'Romana Sambuca Black','Liqueur','Liqueur',37.6,97,'Romana Sambuca','Italy'),(300,'Hiram Walker Butterscotch Schnapps','Liqueur','Liqueur',11.9,41,'Hiram Walker','United States'),(301,'Jameson Irish Whiskey','Whiskey, Irish Whiskey','whiskey',35,18,'Jameson Irish Whiskey','Ireland'),(302,'Bulleit Bourbon','Whiskey, Bourbon','whiskey',45.2,11,'Bulleit','United States'),(303,'Jack Daniel’s Old No. 7 Tennessee Whiskey','Whiskey, Bourbon','whiskey',41.8,49,'Jack Daniel\'s','United States'),(304,'Fireball Cinnamon Whisky','Whiskey, Flavored Whiskey','whiskey',40.6,5,'Fireball','United States'),(305,'Maker’s Mark Bourbon Whisky','Whiskey, Bourbon','whiskey',41.2,45,'Maker\'s Mark','United States'),(306,'Jim Beam Bourbon Whiskey','Whiskey, Bourbon','whiskey',31.8,88,'Jim Beam','United States'),(307,'Basil Hayden’s Kentucky Straight Bourbon Whiskey','Whiskey, Bourbon','whiskey',38,81,'Basil Hayden\'s','United States'),(308,'Woodford Reserve Kentucky Straight Bourbon Whiskey','Whiskey, Bourbon','whiskey',30.4,67,'Woodford Reserve','United States'),(309,'Johnnie Walker Black Label Blended Scotch Whisky','Whiskey, Scotch Whisky','whiskey',38.2,8,'Johnnie Walker','Scotland'),(310,'Crown Royal Fine Deluxe Blended Canadian Whisky','Whiskey, Canadian Whisky','whiskey',46.8,6,'Crown Royal','Canada'),(311,'Skrewball Peanut Butter Whiskey','Whiskey, Flavored Whiskey','whiskey',39.4,96,'Skrewball Whiskey','United States'),(312,'Knob Creek Kentucky Straight Bourbon Whiskey','Whiskey, Bourbon','whiskey',31,31,'Knob Creek','United States'),(313,'Jack Daniel’s Tennessee Honey','Whiskey, Flavored Whiskey','whiskey',46.2,90,'Jack Daniel\'s','United States'),(314,'Bulleit Rye','Whiskey, Rye Whiskey','whiskey',32.4,46,'Bulleit','United States'),(315,'Buffalo Trace Bourbon','Whiskey, Bourbon','whiskey',49.4,95,'Buffalo Trace','United States'),(316,'Crown Royal Regal Apple Flavored Whisky','Whiskey, Canadian Whisky','whiskey',35.5,22,'Crown Royal','Canada'),(317,'Evan Williams Bourbon','Whiskey, Bourbon','whiskey',46.2,95,'Evan Williams Whiskey','United States'),(318,'Johnnie Walker Red Label Blended Scotch Whisky','Whiskey, Scotch Whisky','whiskey',45.4,77,'Johnnie Walker','Scotland'),(319,'Wild Turkey 101','Whiskey, Bourbon','whiskey',48.6,17,'Wild Turkey Bourbon','United States'),(320,'The Glenlivet 12 Year','Whiskey, Scotch Whisky','whiskey',46.7,48,'The Glenlivet','Scotland'),(321,'Suntory Toki Japanese Whisky','Whiskey, Japanese Whisky','whiskey',48,95,'Suntory','Japan'),(322,'Tullamore D.E.W. Irish Whiskey','Whiskey, Irish Whiskey','whiskey',44.3,42,'Tullamore Dew','Ireland'),(323,'Crown Royal Vanilla Flavored Whisky','Whiskey, Flavored Whiskey','whiskey',47,47,'Crown Royal','Canada'),(324,'Jack Daniel’s Gentleman Jack Tennessee Whiskey','Whiskey, American Whiskey','whiskey',33.2,86,'Jack Daniel\'s','United States'),(325,'Crown Royal Peach Flavored Whisky','Whiskey, Flavored Whiskey','whiskey',42.2,69,'Crown Royal','Canada'),(326,'Elijah Craig Small Batch Bourbon','Whiskey, Bourbon','whiskey',42.9,76,'Elijah Craig','United States'),(327,'The Macallan Double Cask 12 Years Old','Whiskey, Scotch Whisky','whiskey',41.9,33,'The Macallan','Scotland'),(328,'Four Roses Bourbon','Whiskey, Bourbon','whiskey',38.7,68,'Four Roses','United States'),(329,'Crown Royal Black Blended Canadian Whisky','Whiskey, Canadian Whisky','whiskey',38,34,'Crown Royal','Canada'),(330,'Basil Hayden’s Dark Rye Whiskey','Whiskey, Rye Whiskey','whiskey',42.7,24,'Basil Hayden\'s','United States'),(331,'Blanton’s Single Barrel Bourbon','Whiskey, Bourbon','whiskey',35.7,61,'Blanton\'s','United States'),(332,'Hibiki Japanese Harmony Whisky','Whiskey, Japanese Whisky','whiskey',48.4,58,'Hibiki','Japan'),(333,'Monkey Shoulder Blended Scotch','Whiskey, Scotch Whisky','whiskey',42.3,14,'Monkey Shoulder','Scotland'),(334,'Maker’s 46 Bourbon Whisky','Whiskey, Bourbon','whiskey',30.8,83,'Maker\'s Mark','United States'),(335,'Jim Beam Black Extra Aged Bourbon Whiskey','Whiskey, Bourbon','whiskey',32.8,55,'Jim Beam','United States'),(336,'Eagle Rare 10yr Bourbon','Whiskey, Bourbon','whiskey',48.7,25,'Eagle Rare','United States'),(337,'Angel’s Envy Kentucky Straight Bourbon Whiskey','Whiskey, Bourbon','whiskey',35.5,86,'Angel\'s Envy','United States'),(338,'Crown Royal Salted Caramel Flavored Whisky','Whiskey, Flavored Whiskey','whiskey',32.8,39,'Crown Royal','Canada'),(339,'Jameson Black Barrel','Whiskey, Irish Whiskey','whiskey',38.2,61,'Jameson Irish Whiskey','Ireland'),(341,'Proper No. Twelve Irish Whiskey','Whiskey, Irish Whiskey','whiskey',47.7,35,'Proper Twelve','Ireland'),(342,'High West American Prairie Bourbon Whiskey','Whiskey, Bourbon','whiskey',38.3,41,'High West','United States'),(343,'Four Roses Small Batch Bourbon','Whiskey, Bourbon','whiskey',49.8,54,'Four Roses','United States'),(344,'Jack Daniel’s Tennessee Fire Flavored Whiskey','Whiskey, Flavored Whiskey','whiskey',34.8,11,'Jack Daniel\'s','United States'),(345,'Southern Comfort Original','Whiskey, American Whiskey','whiskey',45.5,100,'Southern Comfort','United States'),(348,'Uncle Nearest 1856 Premium Whiskey','Whiskey, American Whiskey','whiskey',37,28,'Uncle Nearest','United States'),(350,'Jameson Cold Brew','Whiskey, Irish Whiskey','whiskey',34.8,64,'Jameson Irish Whiskey','Ireland'),(351,'Chivas Regal 12 Year','Whiskey, Scotch Whisky','whiskey',34.9,29,'Chivas','Scotland'),(352,'Breckenridge Bourbon Whiskey','Whiskey, Bourbon','whiskey',34.9,47,'Breckenridge Distillery','United States'),(353,'Knob Creek Rye Whiskey','Whiskey, Rye Whiskey','whiskey',35.2,72,'Knob Creek','United States'),(354,'Weller Special Reserve Bourbon','Whiskey, Bourbon','whiskey',46.8,7,'W.L. Weller','United States'),(355,'Canadian Club Whisky','Whiskey, Canadian Whisky','whiskey',42.1,14,'Canadian Club','Canada'),(356,'Redemption Straight Rye Whiskey','Whiskey, Rye Whiskey','whiskey',38.9,36,'Redemption','United States'),(357,'Four Roses Single Barrel Bourbon','Whiskey, Bourbon','whiskey',34.1,56,'Four Roses','United States'),(358,'TX Blended Whiskey','Whiskey, Blended Whiskey','whiskey',39.7,10,'Firestone & Robertson','United States'),(359,'E.H. Taylor, Jr. Small Batch Bourbon','Whiskey, Bourbon','whiskey',35,59,'E.H. Taylor, Jr.','United States'),(360,'Rittenhouse Rye','Whiskey, Rye Whiskey','whiskey',33.1,83,'Rittenhouse','United States'),(361,'Larceny Small Batch','Whiskey, Bourbon','whiskey',36.2,50,'Larceny','United States'),(363,'Legent Bourbon Whiskey','Whiskey, Bourbon','whiskey',49.2,92,'Legent','United States'),(364,'Wild Turkey American Honey','Whiskey, Bourbon','whiskey',40.3,80,'Wild Turkey Bourbon','United States'),(365,'Jack Daniel’s Tennessee Apple Flavored Whiskey','Whiskey, Flavored Whiskey','whiskey',36,30,'Jack Daniel\'s','United States'),(366,'High West Double Rye Whiskey','Whiskey, Rye Whiskey','whiskey',42.2,66,'High West','United States'),(367,'Jameson Caskmates Stout Edition','Whiskey, Irish Whiskey','whiskey',36,80,'Jameson Irish Whiskey','Ireland'),(368,'Wild Turkey Longbranch','Whiskey, Bourbon','whiskey',47.6,92,'Wild Turkey Bourbon','United States'),(369,'Michter’s US-1 Kentucky Straight Rye','Whiskey, Rye Whiskey','whiskey',44.3,5,'Michter\'s','United States'),(370,'Johnnie Walker White Walker Blended Scotch Whisky','Whiskey, Scotch Whisky','whiskey',33.8,16,'Johnnie Walker','Scotland'),(371,'Bushmills Irish Whiskey','Whiskey, Irish Whiskey','whiskey',35.2,51,'Bushmills','United Kingdom'),(372,'Fireball Sleeve','Whiskey, Flavored Whiskey','whiskey',45.9,78,'Fireball','United States'),(373,'Glenfiddich 12 Year Old Single Malt Scotch Whisky','Whiskey, Scotch Whisky','whiskey',37.4,53,'Glenfiddich','Scotland'),(374,'Knob Creek Smoked Maple Bourbon Whiskey','Whiskey, Bourbon','whiskey',42.5,40,'Knob Creek','United States'),(376,'1792 Small Batch Kentucky Straight Bourbon Whiskey','Whiskey, Bourbon','whiskey',39.1,24,'1792 Bourbon','United States'),(377,'Hochstadter’s Slow & Low Rock and Rye','Whiskey, Rye Whiskey','whiskey',38.1,3,'Hochstadter\'s','United States'),(378,'Willett Pot Still Reserve Bourbon','Whiskey, Bourbon','whiskey',35.8,18,'Willett','United States'),(379,'The Glenlivet Founder’s Reserve','Whiskey, Scotch Whisky','whiskey',33.4,67,'The Glenlivet','Scotland'),(380,'Oban 14 Year Single Malt','Whiskey, Scotch Whisky','whiskey',32.3,85,'Oban','Scotland'),(381,'The Macallan Sherry Oak 12 Years Old','Whiskey, Scotch Whisky','whiskey',47.1,22,'The Macallan','Scotland'),(382,'Nikka Whisky From The Barrel','Whiskey, Japanese Whisky','whiskey',35.6,35,'Nikka','Japan'),(383,'Redbreast 12 Year','Whiskey, Irish Whiskey','whiskey',42.7,3,'Redbreast','Ireland'),(385,'Michter’s US-1 Kentucky Straight Bourbon','Whiskey, Bourbon','whiskey',34.6,60,'Michter\'s','United States'),(386,'Clan Macgregor Scotch','Whiskey, Scotch Whisky','whiskey',41.3,48,'Clan MacGregor','Scotland'),(387,'Wild Turkey Bourbon','Whiskey, Bourbon','whiskey',36.4,14,'Wild Turkey Bourbon','United States'),(388,'Woodford Reserve Kentucky Straight Rye Whiskey','Whiskey, Rye Whiskey','whiskey',30.1,84,'Woodford Reserve','United States'),(390,'Four Roses Small Batch Select Bourbon','Whiskey, Bourbon','whiskey',31.8,88,'Four Roses','United States'),(391,'Booker’s Bourbon','Whiskey, Bourbon','whiskey',38.8,36,'Booker\'s','United States'),(392,'Hudson Bourbon Whiskey','Whiskey, Bourbon','whiskey',37.6,82,'Hudson','United States'),(393,'TINCUP American Whiskey','Whiskey, American Whiskey','whiskey',34.3,4,'TINCUP','United States'),(394,'Sazerac Rye Whiskey','Whiskey, Rye Whiskey','whiskey',32.7,64,'Sazerac Rye','United States'),(395,'Glenfiddich Bourbon Barrel Reserve 14 Year','Whiskey, Scotch Whisky','whiskey',33.7,87,'Glenfiddich','Scotland'),(396,'Jameson Caskmates IPA Edition','Whiskey, Irish Whiskey','whiskey',32,39,'Jameson Irish Whiskey','Ireland'),(397,'Jim Beam Devil’s Cut Bourbon Whiskey','Whiskey, Bourbon','whiskey',46.2,44,'Jim Beam','United States'),(398,'Barrell Dovetail Whiskey','Whiskey, Bourbon','whiskey',37.2,21,'Barrell Craft Spirits','United States'),(399,'Nikka Coffey Grain Whisky','Whiskey, Japanese Whisky','whiskey',47.2,46,'Nikka','Japan'),(400,'Uncle Nearest 1884 Small Batch Whiskey','Whiskey, American Whiskey','whiskey',36.4,98,'Uncle Nearest','United States'),(401,'SVEDKA Vodka','Vodka, Sweden Vodka, Best Vodka','vodka',33.6,82,'Svedka Vodka','Sweden'),(402,'Ketel One Vodka','Vodka, Best Vodka','vodka',44.7,16,'Ketel One Vodka','Netherlands'),(403,'GREY GOOSE Vodka','Vodka, French Vodka, Best Vodka','vodka',33.8,92,'Grey Goose Vodka','France'),(404,'Absolut Vodka','Vodka, Sweden Vodka, Best Vodka','vodka',47.5,23,'Absolut','Sweden'),(405,'SKYY Vodka','Vodka, Best Vodka, American Vodka','vodka',45.2,74,'SKYY','United States'),(406,'Absolut Strawberry Juice Edition','Vodka, Sweden Vodka, Flavored Vodka','vodka',34.2,78,'Absolut','Sweden'),(407,'Absolut Vanilla Vodka','Vodka, Sweden Vodka, Flavored Vodka','vodka',32.4,65,'Absolut','Sweden'),(408,'Belvedere Vodka','Vodka, Poland Vodka, Kosher Vodka, Best Vodka','vodka',38.3,7,'Belvedere','Poland'),(409,'Absolut Grapefruit Vodka','Vodka, Sweden Vodka, Flavored Vodka','vodka',49.4,19,'Absolut','Sweden'),(410,'Absolut Juice Pear & Elderflower Vodka','Vodka, Sweden Vodka, Flavored Vodka','vodka',33.8,58,'Absolut','Sweden'),(411,'Absolut Apeach Vodka','Vodka, Sweden Vodka, Flavored Vodka','vodka',41.4,25,'Absolut','Sweden'),(412,'Pinnacle Original Vodka','Vodka, French Vodka, Cheap Vodka, Best Vodka','vodka',37.9,27,'Pinnacle','France'),(413,'Absolut Peppar','Vodka, Sweden Vodka','vodka',42.7,70,'Absolut','Sweden'),(414,'Stoli® Vodka','Vodka, Russian Vodka, Best Vodka','vodka',31.8,3,'Stolichnaya','Russia'),(415,'Ciroc Vodka','Vodka, French Vodka, Best Vodka','vodka',41.7,62,'CIROC','France'),(416,'Deep Eddy Ruby Red Vodka','Vodka, Flavored Vodka, Cheap Vodka, American Vodka','vodka',47.2,92,'Deep Eddy','United States'),(417,'CIROC Peach Vodka','Vodka, French Vodka, Flavored Vodka, Best Vodka','vodka',45.1,35,'CIROC','France'),(418,'Smirnoff Vanilla','Vodka, Flavored Vodka, Best Vodka, American Vodka','vodka',42.3,6,'Smirnoff Vodka','United States'),(419,'CIROC Red Berry Vodka','Vodka, French Vodka, Flavored Vodka','vodka',38.8,99,'CIROC','France'),(420,'Platinum 7X Vodka','Vodka, Cheap Vodka, American Vodka','vodka',49.5,75,'Platinum','United States'),(421,'Taaka Vodka','Vodka, Cheap Vodka, American Vodka','vodka',34.9,52,'Taaka','United States'),(422,'Absolut Ruby Red','Vodka, Sweden Vodka, Flavored Vodka','vodka',47.4,68,'Absolut','Sweden'),(423,'Reyka Vodka','Vodka, Best Vodka','vodka',33,9,'Reyka','Iceland'),(424,'New Amsterdam Peach Vodka','Vodka, Flavored Vodka, Cheap Vodka, American Vodka','vodka',36.9,71,'New Amsterdam','United States'),(425,'Skol Vodka','Vodka, Cheap Vodka, American Vodka','vodka',31.4,41,'Skol','United States'),(426,'McCormick Vodka','Vodka, Cheap Vodka, American Vodka','vodka',35.1,75,'McCormick','United States'),(427,'Russian Standard Original Vodka','Vodka, Russian Vodka, Kosher Vodka, Best Vodka','vodka',36.1,100,'Russian Standard','Russia'),(428,'Deep Eddy Vodka','Vodka, American Vodka','vodka',30.4,61,'Deep Eddy','United States'),(429,'SVEDKA Mango Pineapple Flavored Vodka','Vodka, Sweden Vodka, Flavored Vodka, Best Vodka','vodka',35.6,21,'Svedka Vodka','Sweden'),(430,'Sobieski Vodka','Vodka, Poland Vodka, Cheap Vodka','vodka',43.3,97,'Sobieski','Poland'),(431,'Smirnoff Passion Fruit','Vodka, Flavored Vodka, American Vodka','vodka',46,78,'Smirnoff Vodka','United States'),(432,'Smirnoff Citrus','Vodka, Flavored Vodka, American Vodka','vodka',32,24,'Smirnoff Vodka','United States'),(433,'SVEDKA Strawberry Lemonade Flavored Vodka','Vodka, Sweden Vodka, Flavored Vodka, Best Vodka','vodka',44.5,100,'Svedka Vodka','Sweden'),(434,'CIROC Limited Edition Summer Watermelon','Vodka, French Vodka, Flavored Vodka','vodka',39,71,'CIROC','France'),(435,'Monopolowa Vodka','Vodka','vodka',48.6,68,'Monopolowa','Austria'),(436,'Breckenridge Vodka','Vodka','vodka',33.8,68,'Breckenridge Distillery','United States'),(438,'Smirnoff Red White & Berry','Vodka, Flavored Vodka','vodka',45.8,89,'Smirnoff Vodka','United States'),(439,'New Amsterdam Coconut Vodka','Vodka, Flavored Vodka, American Vodka','vodka',34.6,56,'New Amsterdam','United States'),(440,'Smirnoff No. 57 100 Proof Vodka','Vodka, American Vodka','vodka',37.8,44,'Smirnoff Vodka','United States'),(441,'Voda Vodka','Vodka, Cheap Vodka, American Vodka','vodka',30.5,12,'Voda','United States'),(442,'CIROC Mango','Vodka, Flavored Vodka','vodka',41.1,34,'CIROC','France'),(443,'Dripping Springs Vodka','Vodka','vodka',41.6,18,'Dripping Springs','United States'),(444,'Smirnoff Kissed Caramel','Vodka, Flavored Vodka, American Vodka','vodka',49.3,81,'Smirnoff Vodka','United States'),(445,'Chopin Potato Vodka','Vodka, Poland Vodka','vodka',31.2,90,'Chopin','Poland'),(446,'Absolut Wild Tea','Vodka','vodka',41,63,'Absolut','Sweden'),(447,'Western Son Original Vodka','Vodka, American Vodka','vodka',50,59,'Western Son','United States'),(448,'Seagram’s Vodka Extra Smooth','Vodka, Cheap Vodka, American Vodka','vodka',40.6,26,'Seagram\'s','United States'),(449,'CIROC Pineapple Vodka','Vodka, French Vodka, Flavored Vodka, Best Vodka','vodka',42.3,23,'CIROC','France'),(450,'Smirnoff Zero Sugar Infusions Strawberry & Rose','Vodka, Flavored Vodka, American Vodka','vodka',31.3,94,'Smirnoff Vodka','United States'),(451,'Georgi Vodka','Vodka, Cheap Vodka, American Vodka','vodka',35.4,47,'Georgi','United States'),(452,'New Amsterdam Apple Vodka','Vodka, Flavored Vodka, Cheap Vodka, American Vodka','vodka',46.1,25,'New Amsterdam','United States'),(453,'CIROC Apple Vodka','Vodka, French Vodka, Flavored Vodka','vodka',36.4,48,'CIROC','France'),(454,'New Amsterdam Grapefruit Vodka','Vodka, Flavored Vodka, American Vodka','vodka',31.6,9,'New Amsterdam','United States'),(455,'CIROC Limited Edition White Grape','Vodka, Flavored Vodka','vodka',32.2,21,'CIROC','France'),(456,'New Amsterdam Mango Vodka','Vodka, Flavored Vodka, American Vodka','vodka',35,71,'New Amsterdam','United States'),(457,'Smirnoff Zero Sugar Infusions Cucumber & Lime','Vodka, Flavored Vodka, American Vodka','vodka',31.2,37,'Smirnoff Vodka','United States'),(458,'Rain Organic Vodka','Vodka, Organic Vodka','vodka',38.1,67,'Rain Vodka','United States'),(459,'Barton Vodka','Vodka, Cheap Vodka','vodka',37.4,35,'Barton','United States'),(460,'Wheatley Vodka','Vodka','vodka',32.6,47,'Wheatley','United States'),(461,'Ketel One Citroen','Vodka, Flavored Vodka','vodka',35.4,94,'Ketel One Vodka','Netherlands'),(462,'Goldlok Sugarcane Vodka','Vodka','vodka',32.6,39,'Goldlok','United States'),(463,'Beluga Noble Russian Vodka','Vodka, Russian Vodka, Kosher Vodka','vodka',36.8,96,'Beluga','Russia'),(464,'Ocean Organic Vodka','Vodka, Organic Vodka','vodka',35.8,99,'Ocean Vodka','United States'),(465,'Smirnoff Strawberry','Vodka, Flavored Vodka, American Vodka','vodka',45.6,35,'Smirnoff Vodka','United States'),(466,'Smirnoff Cherry','Vodka, Flavored Vodka, American Vodka','vodka',48.5,93,'Smirnoff Vodka','United States'),(467,'Deep Eddy Cranberry Vodka','Vodka, Flavored Vodka, American Vodka','vodka',39.2,50,'Deep Eddy','United States'),(468,'Stoli® Elit','Vodka, Russian Vodka','vodka',42,90,'Stolichnaya','United States'),(469,'Smirnoff Whipped Cream','Vodka, American Vodka','vodka',46.1,55,'Smirnoff Vodka','United States'),(470,'Nue Vodka','Vodka','vodka',47.3,48,'South West Spirits & Wine','United States'),(471,'CÎROC Limited Edition Black Raspberry','Vodka, French Vodka, Flavored Vodka','vodka',49.9,82,'CIROC','France'),(472,'SVEDKA Citron Lemon Flavored Vodka','Vodka, Sweden Vodka, Flavored Vodka','vodka',45,82,'Svedka Vodka','Sweden'),(473,'Absolut Chicago','Vodka','vodka',33.1,18,'Absolut','Sweden'),(474,'Barton Naturals Vodka','Vodka','vodka',34.6,47,'Barton','United States'),(475,'SVEDKA Rose Flavored Vodka','Vodka, Sweden Vodka, Flavored Vodka, Cheap Vodka','vodka',48.4,4,'Svedka Vodka','Sweden'),(476,'SVEDKA Cucumber Lime Flavored Vodka','Vodka, Sweden Vodka, Flavored Vodka','vodka',39.2,79,'Svedka Vodka','Sweden'),(477,'Stoli® Vanilla Vodka','Vodka, Russian Vodka, Flavored Vodka','vodka',35.6,92,'Stolichnaya','United States'),(478,'New Amsterdam Raspberry Vodka','Vodka, Flavored Vodka, American Vodka','vodka',43.8,29,'New Amsterdam','United States'),(479,'New Amsterdam Red Berry Vodka','Vodka, Flavored Vodka, American Vodka','vodka',42.6,82,'New Amsterdam','United States'),(480,'Zubrowka Bison Grass Vodka','Vodka, Poland Vodka, Flavored Vodka','vodka',32.8,33,'Zubrowka','Poland'),(481,'Smirnoff Zero Sugar Infusions Watermelon & Mint','Vodka, Flavored Vodka, American Vodka','vodka',31.6,2,'Smirnoff Vodka','United States'),(482,'Finlandia Vodka','Vodka','vodka',45,46,'Finlandia','Finland'),(483,'Smirnoff Blueberry','Vodka, Flavored Vodka, American Vodka','vodka',48.6,85,'Smirnoff Vodka','United States'),(484,'New Amsterdam 100 Proof Vodka','Vodka, American Vodka','vodka',47.8,45,'New Amsterdam','United States'),(485,'Three Olives Cherry Vodka','Vodka, Flavored Vodka','vodka',34.2,3,'Three Olives','United Kingdom'),(486,'Karkov Vodka','Vodka, Russian Vodka','vodka',35.5,29,'Karkov','United States'),(487,'Smirnoff Spicy Tamarind','Vodka, Flavored Vodka, American Vodka','vodka',49.1,13,'Smirnoff Vodka','United States'),(488,'SVEDKA Clementine Flavored Vodka','Vodka, Sweden Vodka, Flavored Vodka','vodka',32.5,39,'Svedka Vodka','Sweden'),(489,'Three Olives Rosé Vodka','Vodka, Flavored Vodka','vodka',38.2,42,'Three Olives','United Kingdom'),(490,'Hammer + Sickle Vodka','Vodka, Russian Vodka','vodka',35.7,52,'Hammer & Sickle','Russia'),(491,'Pinnacle Coconut Vodka','Vodka, French Vodka, Flavored Vodka','vodka',39.8,4,'Pinnacle','France'),(492,'Enchanted Rock Vodka','Vodka','vodka',47,59,'Enchanted Rock','United States'),(493,'Smirnoff Root Beer Float','Vodka, American Vodka','vodka',43,15,'Smirnoff Vodka','United States'),(494,'Hangar 1 Vodka','Vodka','vodka',49.8,56,'Hangar 1','United States'),(495,'Devil Springs Vodka','Vodka','vodka',30.4,68,'Black Prince Distillery','United States'),(496,'Figenza Mediterranean Fig Flavored Vodka','Vodka','vodka',37.6,57,'Figenza',''),(497,'Pickers Original Vodka','Vodka','vodka',31,76,'Pickers','United States'),(498,'GREY GOOSE Le Citron Flavored Vodka','Vodka, French Vodka','vodka',40.1,94,'Grey Goose Vodka','France'),(499,'Stoli Razberi','Vodka, Russian Vodka, Flavored Vodka','vodka',37.1,22,'Stolichnaya','Russia');
/*!40000 ALTER TABLE `liquors` ENABLE KEYS */;
UNLOCK TABLES;

--
-- Table structure for table `products`
--

DROP TABLE IF EXISTS `products`;
/*!40101 SET @saved_cs_client     = @@character_set_client */;
/*!50503 SET character_set_client = utf8mb4 */;
CREATE TABLE `products` (
  `product_id` int(11) NOT NULL AUTO_INCREMENT,
  `name` varchar(50) DEFAULT NULL,
  `type` enum('beer','liquor','wine') DEFAULT NULL,
  `abv` float unsigned DEFAULT NULL,
  `capacity` int(10) unsigned DEFAULT NULL,
  `price` decimal(5,2) unsigned DEFAULT NULL,
  `quantity` int(10) unsigned DEFAULT NULL,
  PRIMARY KEY (`product_id`)
) ENGINE=InnoDB AUTO_INCREMENT=500 DEFAULT CHARSET=latin1;
/*!40101 SET character_set_client = @saved_cs_client */;

--
-- Dumping data for table `products`
--

LOCK TABLES `products` WRITE;
/*!40000 ALTER TABLE `products` DISABLE KEYS */;
INSERT INTO `products` VALUES (1,'Bud Light','beer',2.2,1,26.99,6),(2,'Coors Light Lager Beer','beer',5.8,1,21.99,73),(3,'Miller Lite Lager Beer','beer',6.8,1,21.99,8),(4,'Corona Extra','beer',4.8,1,18.39,33),(5,'Michelob ULTRA','beer',2.9,1,24.99,83),(6,'Stella Artois','beer',4.3,1,18.62,76),(7,'Modelo Especial','beer',4,1,18.49,60),(8,'Guinness Draught','beer',4.3,1,10.29,77),(9,'Blue Moon Belgian White Wheat Beer','beer',3.4,1,17.99,93),(10,'Heineken Lager','beer',2.4,1,17.99,73),(11,'Budweiser','beer',6.7,1,2.69,92),(12,'Lagunitas IPA','beer',4.4,1,10.99,82),(13,'Corona Light','beer',6.5,1,17.99,73),(14,'New Belgium Fat Tire Amber Ale','beer',6.5,1,3.99,54),(15,'New Belgium Voodoo Ranger Imperial IPA','beer',6.9,1,11.86,54),(16,'Yuengling Traditional Lager','beer',4.1,1,13.64,2),(17,'Corona Premier','beer',5.3,1,17.99,86),(18,'Pabst Blue Ribbon','beer',5.5,1,6.96,12),(19,'Sierra Nevada Hazy Little Thing IPA','beer',5,1,10.99,63),(20,'Samuel Adams Octoberfest','beer',2.4,1,10.04,76),(21,'Founders All Day IPA','beer',4,1,18.99,35),(22,'Dos Equis Lager','beer',7,1,16.99,18),(23,'Miller High Life American Lager Beer','beer',4.7,1,10.49,82),(24,'Coors Banquet Lager Beer','beer',6.9,1,19.99,11),(25,'Bud Light Platinum','beer',2.4,1,15.39,46),(26,'Bell’s Two Hearted Ale IPA','beer',5,1,9.99,93),(27,'Bud Light Lime','beer',2.2,1,14.99,15),(28,'Modelo Negra','beer',5.8,1,17.99,98),(29,'Pacifico Clara','beer',4.5,1,17.99,79),(30,'Samuel Adams Boston Lager Beer','beer',5.1,1,17.97,3),(31,'Peroni Nastro Azzurro Pale Lager Beer','beer',3.2,1,17.99,86),(32,'Allagash White','beer',3.1,1,12.99,76),(33,'Narragansett Lager','beer',3.7,1,7.29,41),(34,'Busch Light','beer',5.1,1,19.99,96),(35,'Guinness Extra Stout','beer',3.7,1,10.49,78),(36,'Michelob Ultra Pure Gold','beer',2.6,1,17.29,13),(37,'Sierra Nevada Pale Ale','beer',6.7,1,17.99,15),(38,'Cigar City Brewing Jai Alai IPA','beer',2.4,1,11.57,76),(39,'Left Hand Milk Stout Nitro','beer',2.6,1,12.29,3),(40,'New Belgium Voodoo Ranger IPA','beer',2.3,1,10.74,54),(41,'Shiner Bock','beer',4.5,1,9.99,56),(42,'Natural Light','beer',3.4,1,19.25,20),(43,'Victory Brewing Sour Monkey','beer',3.5,1,12.99,29),(44,'Lawson’s Sip of Sunshine IPA','beer',4.7,1,16.99,79),(45,'Lagunitas Little Sumpin’ Sumpin’ Ale','beer',6.2,1,11.69,5),(46,'Dogfish Head Seaquench Ale','beer',5.2,1,11.99,56),(47,'New Belgium Voodoo Ranger Juicy Haze IPA','beer',5.2,1,11.49,37),(48,'Victory Golden Monkey','beer',3.5,1,13.79,69),(49,'Lagunitas Hazy Wonder','beer',2.4,1,10.99,28),(50,'Heineken Light','beer',6.6,1,16.99,74),(51,'Kona Big Wave Golden Ale','beer',4.8,1,9.99,17),(52,'Dogfish Head 90 Minute IPA','beer',5.2,1,15.39,14),(53,'Mighty Squirrel Cloud Candy IPA','beer',4.2,1,14.80,63),(54,'Lagunitas DayTime IPA','beer',4,1,10.62,92),(55,'Elysian Brewing Space Dust IPA','beer',2.4,1,13.39,3),(56,'Rolling Rock Extra Pale','beer',4.6,1,10.66,56),(57,'Shipyard Seasonal','beer',2.1,1,9.99,11),(58,'Lord Hobo Boomsauce Double IPA','beer',4.9,1,14.94,51),(59,'Tecate','beer',5.8,1,12.99,11),(60,'Night Shift Santilli IPA','beer',5.2,1,13.99,35),(61,'Red Stripe','beer',6,1,9.32,82),(62,'Pilsner Urquell Beer','beer',2.2,1,7.99,51),(63,'Oskar Blues Dale’s Pale Ale','beer',6.8,1,18.99,79),(64,'Corona Extra Coronita','beer',3.2,1,23.99,52),(65,'Breckenridge Brewery 15 Can Sampler Pack','beer',2.5,1,17.86,27),(66,'Sixpoint Resin','beer',3.7,1,17.86,9),(67,'Hoegaarden White','beer',2.4,1,10.99,44),(68,'Harpoon IPA','beer',2.8,1,17.39,81),(69,'Golden Road Brewing Mango Cart','beer',6.8,1,10.99,20),(70,'Stone Delicious IPA','beer',5.9,1,5.95,39),(71,'Amstel Light','beer',6.8,1,16.99,91),(72,'Ballast Point Sculpin IPA','beer',4.4,1,8.79,100),(73,'Schöfferhofer Grapefruit Hefeweizen','beer',6.9,1,10.49,88),(74,'Blue Moon Light Sky Wheat Beer','beer',2.3,1,17.99,32),(75,'Natural Ice','beer',6.1,1,18.89,48),(76,'New Holland Dragon’s Milk Bourbon Barrel Stout','beer',5,1,9.49,20),(77,'Sloop Brewing Juice Bomb IPA','beer',4.4,1,17.40,67),(78,'Yuengling Light Lager','beer',6.2,1,21.73,97),(80,'Odell 90 Shilling Ale','beer',5.4,1,18.99,76),(81,'Guinness Baltimore Blonde','beer',5.6,1,9.99,97),(82,'Dogfish Head Slightly Mighty','beer',4.6,1,19.99,69),(83,'Night Shift Nite Lite Craft Light Lager','beer',5.1,1,7.79,55),(84,'Brooklyn Lager','beer',3.2,1,10.99,87),(85,'New Belgium Voodoo Ranger Rotating IPA Series','beer',4.3,1,11.62,64),(86,'Dogfish Head 60 Minute IPA','beer',6.4,1,11.99,1),(87,'Beck’s','beer',4.5,1,15.39,8),(88,'Maine Beer Company Lunch','beer',4,1,7.99,10),(89,'Station 26 Juicy Banger IPA','beer',4.5,1,11.99,8),(90,'Lagunitas Super Cluster IPA','beer',5.7,1,10.52,35),(91,'Odell IPA','beer',5.7,1,18.99,94),(92,'Sierra Nevada Torpedo Extra IPA','beer',2,1,10.49,35),(93,'Firestone Walker Mind Haze','beer',6.8,1,16.09,21),(94,'Weihenstaphaner Hefe Weissbier','beer',4.5,1,3.99,34),(95,'Revolver Brewing Blood and Honey','beer',2.5,1,9.99,58),(96,'Firestone Walker 805','beer',6,1,19.99,12),(97,'Stone IPA','beer',5,1,11.99,99),(98,'Dry Dock Brewing Apricot Blonde','beer',3.3,1,9.99,10),(99,'LandShark Lager','beer',6.1,1,14.99,98),(100,'Blue Moon Mango Wheat Beer','beer',5.2,1,10.44,19),(101,'La Marca Prosecco','wine',15.1,1,16.99,20),(102,'Josh Cellars Cabernet Sauvignon','wine',19.8,1,15.44,40),(103,'Kim Crawford Sauvignon Blanc','wine',10.4,1,16.95,82),(104,'Meiomi Pinot Noir','wine',14.5,1,21.99,84),(105,'Bota Box Cabernet Sauvignon','wine',14.6,1,19.99,73),(106,'Santa Margherita Pinot Grigio DOC','wine',13.8,1,23.99,82),(107,'Bota Box Pinot Grigio','wine',10.4,1,19.99,43),(108,'Whispering Angel Rosé','wine',10.6,1,22.99,77),(109,'Decoy California Cabernet Sauvignon','wine',14.4,1,21.99,23),(110,'Bota Box Sauvignon Blanc','wine',19.7,1,19.99,60),(111,'La Crema Sonoma Coast Chardonnay','wine',19.7,1,19.99,37),(112,'La Crema Sonoma Coast Pinot Noir','wine',16,1,23.99,30),(113,'Josh Cellars Pinot Noir','wine',10.1,1,17.99,90),(114,'Whitehaven Sauvignon Blanc','wine',17.8,1,17.99,81),(115,'Bota Box Nighthawk Rich Red Wine Blend','wine',16.6,1,19.99,11),(116,'Bota Box Chardonnay','wine',19.4,1,19.99,36),(117,'Bota Box Malbec','wine',12.4,1,19.99,47),(118,'Bota Box Pinot Noir','wine',13.1,1,19.99,78),(119,'Black Box Chardonnay','wine',12.1,1,21.59,30),(120,'Zaccagnini Montepulciano','wine',16.5,1,16.99,78),(122,'Bota Box RedVolution','wine',14.6,1,19.99,86),(123,'Chateau Ste. Michelle Cabernet Sauvignon','wine',11.5,1,15.99,75),(124,'Butter Chardonnay','wine',13.1,1,16.99,14),(125,'Freakshow Cabernet Sauvignon','wine',18.2,1,19.99,51),(126,'Franzia® Chardonnay White Wine','wine',11.1,1,18.99,38),(127,'Erath Pinot Noir','wine',13.3,1,18.97,85),(129,'JUSTIN Cabernet Sauvignon','wine',19.6,1,27.49,60),(130,'Carpano Antica Formula Vermouth','wine',14.3,1,35.99,52),(131,'Cloudy Bay Sauvignon Blanc','wine',11.6,1,29.99,79),(132,'Joel Gott 815 Cabernet Sauvignon','wine',12.5,1,16.99,54),(133,'Black Box Pinot Noir','wine',14.5,1,21.49,69),(134,'Black Box Pinot Grigio','wine',14,1,21.99,71),(135,'Educated Guess Napa Valley Cabernet Sauvignon','wine',11.6,1,24.99,17),(136,'Decoy California Pinot Noir','wine',15.9,1,21.71,24),(137,'The Prisoner Red Blend','wine',18.3,1,49.99,13),(138,'Francis Coppola Diamond Collection Claret','wine',18.1,1,17.99,21),(139,'Chandon Rosé Sparkling','wine',19.9,1,19.99,18),(140,'La Crema Monterey Pinot Noir','wine',16.9,1,19.43,83),(141,'Bota Box Nighthawk Buttery Chardonnay','wine',15.4,1,18.99,44),(143,'Franzia® Sunset Blush Pink Wine','wine',15.3,1,15.99,49),(144,'Chandon Brut Sparkling','wine',19.9,1,20.51,31),(145,'Juggernaut Hillside Cabernet Sauvignon','wine',11.5,1,20.99,38),(146,'Josh Cellars Merlot','wine',13.8,1,15.00,78),(147,'Bota Box Nighthawk Bold Cabernet Sauvignon','wine',12.4,1,19.99,92),(148,'SIMI Sonoma County Cabernet Sauvignon','wine',18.1,1,21.99,76),(149,'Dolin Dry Vermouth','wine',16.2,1,15.99,88),(150,'A to Z Pinot Noir','wine',17.7,1,19.99,99),(151,'Barefoot On Tap Pinot Grigio','wine',11.8,1,19.99,51),(152,'Miraval Provence Rosé','wine',12.9,1,24.99,32),(154,'SIMI Sonoma County Chardonnay','wine',10.2,1,16.73,17),(155,'Black Box Sauvignon Blanc','wine',13.3,1,21.40,43),(156,'Rombauer Carneros Chardonnay','wine',17.6,1,39.99,77),(157,'Franzia® Cabernet Sauvignon Red Wine','wine',12.1,1,18.99,44),(158,'Michael David Petite Petit','wine',19.3,1,16.99,50),(159,'7 Deadly Zins Zinfandel','wine',10.3,1,15.99,15),(160,'Sonoma-Cutrer Sonoma Coast Chardonnay White Wine','wine',13.4,1,24.99,29),(161,'The Palm by Whispering Angel Rosé','wine',18.4,1,16.99,54),(162,'Ruffino Riserva Ducale Chianti Classico','wine',13.7,1,25.19,88),(163,'Black Box Merlot','wine',12.6,1,21.83,68),(164,'Conundrum Red Blend','wine',12.9,1,23.26,76),(165,'Unshackled Cabernet Sauvignon by Prisoner','wine',19.1,1,26.98,61),(166,'Bota Box Nighthawk Vibrant Sauvignon Blanc','wine',18.1,1,19.00,92),(167,'Luc Belaire Rare Rose','wine',17,1,32.00,96),(168,'Black Box Malbec','wine',10.4,1,21.40,73),(170,'Mumm Napa Brut Rosé Sparkling Wine','wine',17.9,1,21.95,56),(172,'Early Mountain Foothills Red','wine',18.6,1,19.99,21),(173,'J Vineyards & Winery Pinot Noir','wine',15.1,1,22.99,30),(174,'La Crema Monterey Chardonnay','wine',11.1,1,16.99,96),(175,'Franzia® Crisp White White Wine','wine',11.6,1,15.99,46),(176,'Lillet Servir Tres Frais Blanc','wine',17.4,1,22.99,60),(177,'Wolffer Estate Summer In A Bottle Rosé','wine',16.2,1,26.97,1),(178,'Decoy Sonoma County Sauvignon Blanc','wine',16.6,1,17.99,88),(179,'Bota Box Merlot','wine',11.6,1,19.99,64),(180,'Finca Wolffer Rosé Wine','wine',10.4,1,16.49,40),(181,'Franzia® Merlot Red Wine','wine',11.7,1,18.99,18),(182,'Antigal Uno Malbec','wine',13,1,15.99,69),(183,'White Hall Viognier','wine',12.9,1,19.99,57),(184,'Luc Belaire Rare Luxe','wine',16.1,1,31.99,89),(185,'INTRINSIC Cabernet Sauvignon','wine',15.2,1,21.99,7),(187,'Risata Moscato d’Asti','wine',19.7,1,15.44,15),(188,'Franzia® Moscato White Wine','wine',11.6,1,19.00,11),(189,'Fleur de Mer Rosé','wine',16.2,1,19.99,71),(190,'Barefoot On Tap Rosé','wine',10.4,1,19.49,56),(191,'Barefoot On Tap Chardonnay','wine',12.7,1,19.99,88),(192,'Fleurs De Prairie Rosé','wine',15.7,1,17.93,10),(193,'Lovingston Rotunda Red','wine',14.5,1,15.99,28),(194,'Francis Coppola Diamond Collection Pinot Noir','wine',15,1,16.99,46),(195,'Louis M. Martini Sonoma County Cabernet Sauvignon','wine',19,1,18.89,4),(196,'Decoy Sonoma County Chardonnay','wine',16.1,1,17.99,93),(197,'Substance ‘Cs’ Columbia Valley Cabernet Sauvignon','wine',14.7,1,16.99,98),(198,'Francis Coppola Diamond Collection Merlot','wine',13,1,15.99,29),(199,'Terrazas de los Andes Reserva Malbec','wine',16,1,19.99,2),(200,'Gruet Brut','wine',14.7,1,15.99,6),(201,'Kahlua','liquor',15.4,1,42.99,21),(202,'Baileys Irish Cream Original','liquor',18.6,1,29.99,2),(203,'Grand Marnier Cordon Rouge','liquor',10.2,1,39.99,88),(204,'Disaronno Originale Amaretto','liquor',15.8,1,29.99,40),(205,'Cointreau','liquor',13.4,1,38.99,64),(206,'RumChata','liquor',15.9,1,24.99,87),(207,'Campari','liquor',36.8,1,39.99,8),(208,'Aperol','liquor',10.4,1,25.99,22),(209,'Jägermeister','liquor',13.4,1,44.99,72),(210,'St-Germain Elderflower Liqueur','liquor',25,1,36.99,63),(211,'Pennsylvania Dutch Egg Nog','liquor',32.6,1,10.99,75),(212,'Chambord Black Raspberry Liqueur','liquor',28.7,1,34.99,73),(213,'Frangelico Hazelnut Liqueur','liquor',16.7,1,29.99,87),(214,'Carolans Irish Cream','liquor',25.6,1,14.99,11),(215,'Rumple Minze Peppermint Schnapps','liquor',21.2,1,26.99,29),(216,'Kahlua Salted Caramel','liquor',22.8,1,22.99,56),(217,'Molly’s Irish Cream','liquor',14.2,1,15.33,26),(218,'Tequila Rose','liquor',15.7,1,21.99,77),(219,'DeKuyper Peachtree Schnapps Liqueur','liquor',37.6,1,11.69,17),(220,'Saint Brendan’s Irish Cream Liqueur','liquor',11.1,1,23.99,9),(221,'Baileys Salted Caramel','liquor',37.9,1,27.99,15),(222,'Kahlua Chili Chocolate Coffee Liqueur','liquor',19.5,1,21.99,35),(223,'Baileys Irish Cream Strawberries , Cream','liquor',36.6,1,27.99,19),(224,'Amaretto di Amore','liquor',23.3,1,14.49,22),(225,'Baileys Red Velvet','liquor',25.4,1,28.99,92),(226,'Fernet-Branca','liquor',13.5,1,32.99,86),(227,'Romana Sambuca','liquor',39.7,1,38.99,23),(228,'Kahlua Mudslide','liquor',17.4,1,15.99,52),(229,'Chartreuse Green Liqueur','liquor',29.9,1,60.47,92),(230,'Kinky Pink Liqueur','liquor',37.5,1,19.99,20),(231,'Amarula Cream Liqueur','liquor',17.8,1,23.99,34),(232,'99 Bananas Liqueur','liquor',25,1,17.99,28),(233,'BACARDÍ Coquito Coconut Cream Liqueur','liquor',34.9,1,19.99,60),(234,'Dr. McGillicuddy’s Mentholmint Liqueur','liquor',23.3,1,18.42,28),(235,'Hpnotiq','liquor',12,1,22.99,74),(236,'Midori Melon Liqueur','liquor',20.5,1,24.99,79),(237,'Patrón XO Cafe','liquor',28.6,1,24.99,37),(238,'Ryan’s Irish Cream','liquor',13.3,1,11.59,69),(239,'Godiva Chocolate Liqueur','liquor',12.4,1,32.99,50),(240,'Licor 43','liquor',29.4,1,27.99,100),(241,'Drambuie The Isle of Skye Scotch Liqueur','liquor',39.3,1,39.99,81),(242,'DeKuyper Blue Curacao Liqueur','liquor',36.3,1,11.99,41),(243,'DeKuyper Peppermint Schnapps Liqueur','liquor',25.2,1,11.89,3),(244,'Baileys Apple Pie Irish Cream Liqueur','liquor',26.8,1,28.99,93),(245,'DeKuyper Buttershots Schnapps Liqueur','liquor',17.5,1,12.99,1),(246,'Luxardo Maraschino Liqueur','liquor',37.5,1,36.99,25),(247,'Patrón Citrónge Orange','liquor',10.4,1,23.99,63),(248,'Averna Amaro','liquor',25,1,42.99,69),(249,'Godiva White Chocolate Liqueur','liquor',19.6,1,32.99,94),(250,'Kamora Coffee Liqueur','liquor',19.4,1,12.99,62),(251,'Pimm’s No. 1 Cup','liquor',12.5,1,25.99,25),(253,'Mr. Black Cold Brew Coffee Liquor','liquor',27,1,32.99,82),(254,'Pallini Limoncello','liquor',27,1,16.99,57),(255,'Baileys Chocolate Cherry','liquor',38.5,1,27.99,20),(256,'Alize Red Passion','liquor',29.5,1,20.99,15),(257,'PAMA Pomegranate Liqueur','liquor',24.7,1,24.62,15),(258,'Baileys Irish Cream Vanilla Cinnamon','liquor',15.8,1,27.99,27),(259,'BÉNÉDICTINE D.O.M. Liqueur','liquor',39.3,1,38.81,48),(260,'Caravella Limoncello','liquor',20.2,1,20.99,87),(261,'Five Farms Irish Cream Liqueur','liquor',39.1,1,31.57,82),(262,'Kinky Blue Liqueur','liquor',28.1,1,19.79,22),(263,'99 Watermelons Liqueur','liquor',12.1,1,16.99,35),(264,'Disaronno Velvet Cream Liqueur','liquor',25.5,1,31.57,37),(265,'Brady’s Irish Cream','liquor',31.9,1,21.99,83),(266,'Montenegro Amaro Italiano Liqueur','liquor',13.1,1,42.99,5),(267,'Hiram Walker Peppermint Schnapps 90 Proof','liquor',10.8,1,8.47,33),(268,'RumHaven Caribbean Rum with Coconut Liqueur','liquor',31.5,1,15.99,4),(269,'Domaine De Canton','liquor',25,1,35.99,7),(270,'Hiram Walker Pepperment Schnapps 60 Proof','liquor',31.7,1,11.99,12),(272,'Pernod Anise','liquor',29.2,1,35.99,8),(273,'99 Peppermint Liqueur','liquor',27.6,1,16.99,93),(274,'Alizé Gold Passion','liquor',34.7,1,20.20,27),(275,'Amaro Nonino Quintessentia','liquor',10.2,1,52.99,51),(276,'Baileys Espresso Creme','liquor',37.5,1,27.42,74),(277,'99 Apples Liqueur','liquor',31.2,1,17.99,62),(278,'Chartreuse Yellow Liqueur','liquor',12.8,1,34.47,86),(279,'Emmets Irish Cream','liquor',22.6,1,15.39,51),(280,'Goldschlager Cinnamon Liqueur','liquor',12.4,1,27.41,94),(281,'Pierre Ferrand Dry Curacao','liquor',21,1,30.99,63),(282,'Jagermeister Cold Brew Coffee','liquor',11.9,1,24.99,7),(283,'DeKuyper Watermelon Pucker Schnapps Liqueur','liquor',28.4,1,12.99,62),(284,'St. Elder Natural Elderflower Liqueur','liquor',23.9,1,19.99,17),(285,'Dekuyper Crème de Cacao Dark Liqueur','liquor',22,1,12.95,63),(286,'Cynar','liquor',18,1,29.00,19),(287,'Gran Gala Orange Liqueur','liquor',20.8,1,20.99,43),(288,'99 Peaches Liqueur','liquor',39,1,16.99,3),(289,'Dr. McGillicuddy’s Root Beer Liqueur','liquor',36.6,1,18.99,16),(290,'Becherovka Herbal Liqueur','liquor',37.2,1,27.99,34),(291,'Grand Marnier Cuvée du Centenaire','liquor',30.8,1,181.89,45),(292,'B,B Liqueur','liquor',31,1,37.99,12),(293,'Deep South Egg Nog','liquor',39.3,1,10.31,77),(294,'Rothman , Winter Creme de Violette','liquor',28.1,1,25.99,69),(295,'DeKuyper Amaretto Liqueur','liquor',28.5,1,11.99,19),(296,'Alize Blue Passion','liquor',40,1,20.99,43),(297,'Leroux Polish Blackberry Flavored Brandy','liquor',16.2,1,13.99,63),(298,'Michael’s Irish Cream','liquor',23,1,16.98,8),(299,'Romana Sambuca Black','liquor',25.2,1,38.99,12),(300,'Hiram Walker Butterscotch Schnapps','liquor',34.1,1,11.99,30),(301,'Jameson Irish Whiskey','liquor',31.2,1,29.99,65),(302,'Bulleit Bourbon','liquor',31.6,1,31.99,100),(303,'Jack Daniel’s Old No. 7 Tennessee Whiskey','liquor',33,1,24.99,36),(304,'Fireball Cinnamon Whisky','liquor',31.6,1,28.99,26),(305,'Maker’s Mark Bourbon Whisky','liquor',49.2,1,55.99,91),(306,'Jim Beam Bourbon Whiskey','liquor',33.2,1,29.99,93),(307,'Basil Hayden’s Kentucky Straight Bourbon Whiskey','liquor',34.4,1,44.99,71),(308,'Woodford Reserve Kentucky Straight Bourbon Whiskey','liquor',44.6,1,38.49,66),(309,'Johnnie Walker Black Label Blended Scotch Whisky','liquor',48.3,1,38.99,53),(310,'Crown Royal Fine Deluxe Blended Canadian Whisky','liquor',36.9,1,28.99,28),(311,'Skrewball Peanut Butter Whiskey','liquor',32,1,29.99,63),(312,'Knob Creek Kentucky Straight Bourbon Whiskey','liquor',41.4,1,34.99,14),(313,'Jack Daniel’s Tennessee Honey','liquor',39.9,1,46.93,22),(314,'Bulleit Rye','liquor',41.8,1,31.99,69),(315,'Buffalo Trace Bourbon','liquor',45.2,1,31.99,69),(316,'Crown Royal Regal Apple Flavored Whisky','liquor',37,1,28.59,25),(317,'Evan Williams Bourbon','liquor',45.9,1,25.91,93),(318,'Johnnie Walker Red Label Blended Scotch Whisky','liquor',40.7,1,39.99,26),(319,'Wild Turkey 101','liquor',45.6,1,25.99,8),(320,'The Glenlivet 12 Year','liquor',42.6,1,49.99,93),(321,'Suntory Toki Japanese Whisky','liquor',32.4,1,39.99,52),(322,'Tullamore D.E.W. Irish Whiskey','liquor',37.8,1,27.99,15),(323,'Crown Royal Vanilla Flavored Whisky','liquor',45,1,27.99,24),(324,'Jack Daniel’s Gentleman Jack Tennessee Whiskey','liquor',37.1,1,32.99,28),(325,'Crown Royal Peach Flavored Whisky','liquor',43.7,1,32.79,77),(326,'Elijah Craig Small Batch Bourbon','liquor',31.8,1,32.22,23),(327,'The Macallan Double Cask 12 Years Old','liquor',49.3,1,73.99,30),(328,'Four Roses Bourbon','liquor',50,1,23.06,95),(329,'Crown Royal Black Blended Canadian Whisky','liquor',45.8,1,32.99,10),(330,'Basil Hayden’s Dark Rye Whiskey','liquor',46.5,1,44.99,38),(331,'Blanton’s Single Barrel Bourbon','liquor',30.4,1,99.99,13),(332,'Hibiki Japanese Harmony Whisky','liquor',39.7,1,89.99,94),(333,'Monkey Shoulder Blended Scotch','liquor',41.5,1,35.99,84),(334,'Maker’s 46 Bourbon Whisky','liquor',36.9,1,40.69,57),(335,'Jim Beam Black Extra Aged Bourbon Whiskey','liquor',36.8,1,22.99,95),(336,'Eagle Rare 10yr Bourbon','liquor',42.5,1,39.99,2),(337,'Angel’s Envy Kentucky Straight Bourbon Whiskey','liquor',34.8,1,54.99,72),(338,'Crown Royal Salted Caramel Flavored Whisky','liquor',36.2,1,28.99,12),(339,'Jameson Black Barrel','liquor',47.7,1,39.99,68),(341,'Proper No. Twelve Irish Whiskey','liquor',31,1,29.43,31),(342,'High West American Prairie Bourbon Whiskey','liquor',32.1,1,37.57,51),(343,'Four Roses Small Batch Bourbon','liquor',42.6,1,37.99,30),(344,'Jack Daniel’s Tennessee Fire Flavored Whiskey','liquor',49.4,1,24.99,62),(345,'Southern Comfort Original','liquor',38.8,1,27.99,56),(348,'Uncle Nearest 1856 Premium Whiskey','liquor',43.9,1,59.99,98),(350,'Jameson Cold Brew','liquor',39.8,1,29.99,78),(351,'Chivas Regal 12 Year','liquor',35.1,1,34.99,12),(352,'Breckenridge Bourbon Whiskey','liquor',32.2,1,44.99,86),(353,'Knob Creek Rye Whiskey','liquor',47.5,1,34.99,28),(354,'Weller Special Reserve Bourbon','liquor',30.5,1,49.99,28),(355,'Canadian Club Whisky','liquor',42.1,1,21.99,37),(356,'Redemption Straight Rye Whiskey','liquor',34.9,1,29.99,38),(357,'Four Roses Single Barrel Bourbon','liquor',37,1,48.99,82),(358,'TX Blended Whiskey','liquor',30.1,1,37.99,77),(359,'E.H. Taylor, Jr. Small Batch Bourbon','liquor',36.3,1,59.99,25),(360,'Rittenhouse Rye','liquor',38,1,27.99,76),(361,'Larceny Small Batch','liquor',32.5,1,26.99,57),(363,'Legent Bourbon Whiskey','liquor',42.7,1,40.69,62),(364,'Wild Turkey American Honey','liquor',33.3,1,22.98,67),(365,'Jack Daniel’s Tennessee Apple Flavored Whiskey','liquor',36.3,1,24.99,84),(366,'High West Double Rye Whiskey','liquor',33.9,1,36.99,7),(367,'Jameson Caskmates Stout Edition','liquor',37.4,1,33.99,30),(368,'Wild Turkey Longbranch','liquor',46.7,1,39.99,66),(369,'Michter’s US-1 Kentucky Straight Rye','liquor',30.5,1,47.07,38),(370,'Johnnie Walker White Walker Blended Scotch Whisky','liquor',46.6,1,39.99,28),(371,'Bushmills Irish Whiskey','liquor',48.9,1,25.99,43),(372,'Fireball Sleeve','liquor',35.1,1,30.79,75),(373,'Glenfiddich 12 Year Old Single Malt Scotch Whisky','liquor',37.1,1,49.99,76),(374,'Knob Creek Smoked Maple Bourbon Whiskey','liquor',39.6,1,34.99,20),(376,'1792 Small Batch Kentucky Straight Bourbon Whiskey','liquor',33.6,1,32.99,41),(377,'Hochstadter’s Slow & Low Rock and Rye','liquor',42.3,1,26.87,40),(378,'Willett Pot Still Reserve Bourbon','liquor',34.7,1,50.99,95),(379,'The Glenlivet Founder’s Reserve','liquor',49.9,1,40.99,64),(380,'Oban 14 Year Single Malt','liquor',32.2,1,91.99,52),(381,'The Macallan Sherry Oak 12 Years Old','liquor',48,1,79.99,26),(382,'Nikka Whisky From The Barrel','liquor',34.8,1,89.99,47),(383,'Redbreast 12 Year','liquor',32.6,1,66.99,48),(385,'Michter’s US-1 Kentucky Straight Bourbon','liquor',38,1,46.99,17),(386,'Clan Macgregor Scotch','liquor',43.6,1,20.89,80),(387,'Wild Turkey Bourbon','liquor',42.9,1,21.99,69),(388,'Woodford Reserve Kentucky Straight Rye Whiskey','liquor',35.6,1,39.99,38),(390,'Four Roses Small Batch Select Bourbon','liquor',40.9,1,60.49,94),(391,'Booker’s Bourbon','liquor',34.3,1,89.99,22),(392,'Hudson Bourbon Whiskey','liquor',46.8,1,43.99,36),(393,'TINCUP American Whiskey','liquor',36.8,1,29.99,75),(394,'Sazerac Rye Whiskey','liquor',38.3,1,32.99,69),(395,'Glenfiddich Bourbon Barrel Reserve 14 Year','liquor',30.2,1,58.99,86),(396,'Jameson Caskmates IPA Edition','liquor',39.7,1,33.99,37),(397,'Jim Beam Devil’s Cut Bourbon Whiskey','liquor',48.6,1,22.99,76),(398,'Barrell Dovetail Whiskey','liquor',43.8,1,89.99,42),(399,'Nikka Coffey Grain Whisky','liquor',40.7,1,71.99,70),(400,'Uncle Nearest 1884 Small Batch Whiskey','liquor',38.3,1,48.98,54),(401,'SVEDKA Vodka','liquor',37.1,1,21.99,76),(402,'Ketel One Vodka','liquor',49.1,1,26.31,51),(403,'GREY GOOSE Vodka','liquor',38.5,1,59.99,70),(404,'Absolut Vodka','liquor',43.5,1,34.09,15),(405,'SKYY Vodka','liquor',42.7,1,24.99,44),(406,'Absolut Strawberry Juice Edition','liquor',37.6,1,20.83,82),(407,'Absolut Vanilla Vodka','liquor',30.2,1,27.99,89),(408,'Belvedere Vodka','liquor',34.8,1,52.79,56),(409,'Absolut Grapefruit Vodka','liquor',42.3,1,26.99,29),(410,'Absolut Juice Pear & Elderflower Vodka','liquor',31.8,1,19.99,42),(411,'Absolut Apeach Vodka','liquor',44.6,1,27.74,57),(412,'Pinnacle Original Vodka','liquor',39.4,1,12.99,12),(413,'Absolut Peppar','liquor',40.7,1,20.15,32),(414,'Stoli® Vodka','liquor',36.8,1,31.99,32),(415,'Ciroc Vodka','liquor',48.8,1,32.99,18),(416,'Deep Eddy Ruby Red Vodka','liquor',31.6,1,17.99,62),(417,'CIROC Peach Vodka','liquor',39.8,1,32.99,39),(418,'Smirnoff Vanilla','liquor',45.4,1,14.21,55),(419,'CIROC Red Berry Vodka','liquor',30.9,1,32.99,87),(420,'Platinum 7X Vodka','liquor',45.4,1,16.99,32),(421,'Taaka Vodka','liquor',33.1,1,12.99,27),(422,'Absolut Ruby Red','liquor',40.7,1,27.99,94),(423,'Reyka Vodka','liquor',30.2,1,36.99,40),(424,'New Amsterdam Peach Vodka','liquor',30.1,1,13.99,16),(425,'Skol Vodka','liquor',49.1,1,12.99,80),(426,'McCormick Vodka','liquor',33.8,1,13.99,29),(427,'Russian Standard Original Vodka','liquor',33.7,1,28.88,86),(428,'Deep Eddy Vodka','liquor',48.5,1,17.99,11),(429,'SVEDKA Mango Pineapple Flavored Vodka','liquor',35,1,13.99,24),(430,'Sobieski Vodka','liquor',48.9,1,20.99,39),(431,'Smirnoff Passion Fruit','liquor',37.2,1,14.99,92),(432,'Smirnoff Citrus','liquor',34.5,1,14.55,100),(433,'SVEDKA Strawberry Lemonade Flavored Vodka','liquor',37.2,1,13.99,89),(434,'CIROC Limited Edition Summer Watermelon','liquor',48,1,32.99,82),(435,'Monopolowa Vodka','liquor',37.6,1,13.99,68),(436,'Breckenridge Vodka','liquor',44.8,1,21.99,34),(437,'Pinnacle Whipped Vodka','liquor',36.4,1,12.99,10),(438,'Smirnoff Red White & Berry','liquor',37.5,1,14.21,23),(439,'New Amsterdam Coconut Vodka','liquor',48.5,1,13.99,85),(440,'Smirnoff No. 57 100 Proof Vodka','liquor',42.6,1,32.56,19),(441,'Voda Vodka','liquor',36.2,1,14.99,73),(442,'CIROC Mango','liquor',39.8,1,60.99,53),(443,'Dripping Springs Vodka','liquor',46.2,1,30.99,7),(444,'Smirnoff Kissed Caramel','liquor',34.8,1,14.21,26),(445,'Chopin Potato Vodka','liquor',39.4,1,29.99,22),(446,'Absolut Wild Tea','liquor',39.6,1,21.99,40),(447,'Western Son Original Vodka','liquor',31.2,1,16.99,53),(448,'Seagram’s Vodka Extra Smooth','liquor',32.3,1,17.84,6),(449,'CIROC Pineapple Vodka','liquor',37.2,1,32.99,30),(450,'Smirnoff Zero Sugar Infusions Strawberry & Rose','liquor',33,1,14.73,42),(451,'Georgi Vodka','liquor',37.3,1,14.99,84),(452,'New Amsterdam Apple Vodka','liquor',39.1,1,13.99,87),(453,'CIROC Apple Vodka','liquor',42.7,1,32.99,43),(454,'New Amsterdam Grapefruit Vodka','liquor',30.8,1,20.99,37),(455,'CIROC Limited Edition White Grape','liquor',42.2,1,31.99,87),(456,'New Amsterdam Mango Vodka','liquor',44.7,1,13.99,13),(457,'Smirnoff Zero Sugar Infusions Cucumber & Lime','liquor',37.9,1,14.55,35),(458,'Rain Organic Vodka','liquor',38.7,1,14.99,86),(459,'Barton Vodka','liquor',38,1,13.95,88),(460,'Wheatley Vodka','liquor',43.7,1,19.99,56),(461,'Ketel One Citroen','liquor',36.7,1,24.99,16),(462,'Goldlok Sugarcane Vodka','liquor',38.7,1,39.99,29),(463,'Beluga Noble Russian Vodka','liquor',38.8,1,29.99,78),(464,'Ocean Organic Vodka','liquor',35.2,1,29.99,97),(465,'Smirnoff Strawberry','liquor',48.5,1,14.84,61),(466,'Smirnoff Cherry','liquor',46.5,1,14.69,2),(467,'Deep Eddy Cranberry Vodka','liquor',31.7,1,17.88,34),(468,'Stoli® Elit','liquor',39.4,1,49.99,50),(469,'Smirnoff Whipped Cream','liquor',31.7,1,14.21,27),(470,'Nue Vodka','liquor',36.3,1,11.79,63),(471,'CÎROC Limited Edition Black Raspberry','liquor',43.5,1,32.99,15),(472,'SVEDKA Citron Lemon Flavored Vodka','liquor',33.7,1,13.99,43),(473,'Absolut Chicago','liquor',38.6,1,21.99,40),(474,'Barton Naturals Vodka','liquor',45.2,1,11.87,53),(475,'SVEDKA Rose Flavored Vodka','liquor',41.8,1,20.73,47),(476,'SVEDKA Cucumber Lime Flavored Vodka','liquor',33.8,1,20.73,28),(477,'Stoli® Vanilla Vodka','liquor',37.8,1,20.25,59),(478,'New Amsterdam Raspberry Vodka','liquor',44,1,20.99,68),(479,'New Amsterdam Red Berry Vodka','liquor',33.8,1,13.99,35),(480,'Zubrowka Bison Grass Vodka','liquor',43,1,25.99,9),(481,'Smirnoff Zero Sugar Infusions Watermelon & Mint','liquor',37.8,1,14.55,64),(482,'Finlandia Vodka','liquor',49.3,1,25.39,6),(483,'Smirnoff Blueberry','liquor',35,1,14.84,41),(484,'New Amsterdam 100 Proof Vodka','liquor',46,1,16.99,3),(485,'Three Olives Cherry Vodka','liquor',43.8,1,16.99,36),(486,'Karkov Vodka','liquor',47.4,1,13.99,57),(487,'Smirnoff Spicy Tamarind','liquor',39.7,1,14.62,32),(488,'SVEDKA Clementine Flavored Vodka','liquor',48.6,1,13.49,13),(489,'Three Olives Rosé Vodka','liquor',45.6,1,15.99,24),(490,'Hammer + Sickle Vodka','liquor',37.9,1,26.99,62),(491,'Pinnacle Coconut Vodka','liquor',42.3,1,12.99,19),(492,'Enchanted Rock Vodka','liquor',39.1,1,27.93,1),(493,'Smirnoff Root Beer Float','liquor',35.3,1,14.99,71),(494,'Hangar 1 Vodka','liquor',44.4,1,29.99,5),(495,'Devil Springs Vodka','liquor',33.1,1,17.84,21),(496,'Figenza Mediterranean Fig Flavored Vodka','liquor',36.8,1,30.99,97),(497,'Pickers Original Vodka','liquor',47.6,1,25.99,42),(498,'GREY GOOSE Le Citron Flavored Vodka','liquor',34,1,31.06,62),(499,'Stoli Razberi','liquor',45.8,1,20.99,92);
/*!40000 ALTER TABLE `products` ENABLE KEYS */;
UNLOCK TABLES;

--
-- Table structure for table `sales`
--

DROP TABLE IF EXISTS `sales`;
/*!40101 SET @saved_cs_client     = @@character_set_client */;
/*!50503 SET character_set_client = utf8mb4 */;
CREATE TABLE `sales` (
  `sale_id` int(11) NOT NULL AUTO_INCREMENT,
  `sale_date` date DEFAULT NULL,
  `client_id` int(11) DEFAULT NULL,
  `done` tinyint(1) DEFAULT NULL,
  PRIMARY KEY (`sale_id`),
  KEY `client_id` (`client_id`),
  CONSTRAINT `sales_ibfk_1` FOREIGN KEY (`client_id`) REFERENCES `clients` (`client_id`)
) ENGINE=InnoDB AUTO_INCREMENT=998 DEFAULT CHARSET=latin1;
/*!40101 SET character_set_client = @saved_cs_client */;

--
-- Dumping data for table `sales`
--

LOCK TABLES `sales` WRITE;
/*!40000 ALTER TABLE `sales` DISABLE KEYS */;
INSERT INTO `sales` VALUES (12,'2013-02-11',66,1),(13,'1984-07-15',80,1),(14,'2012-09-23',61,1),(16,'1982-04-10',16,1),(19,'2015-04-23',73,0),(20,'1998-07-17',61,1),(31,'2012-02-07',39,1),(34,'2011-11-08',70,1),(42,'2016-10-30',30,1),(51,'2021-06-11',6,1),(58,'1979-11-26',61,1),(68,'1982-04-28',2,1),(73,'1981-10-16',73,1),(75,'2001-02-15',63,1),(76,'1995-09-18',70,1),(78,'1979-12-19',2,1),(99,'1978-06-09',19,0),(101,'1988-10-31',16,0),(104,'1976-01-09',73,1),(105,'1976-03-21',66,1),(107,'1976-10-14',30,1),(111,'1973-05-12',93,1),(121,'1982-10-24',66,1),(125,'1981-05-10',19,1),(127,'2003-12-03',19,1),(128,'2010-06-30',17,1),(134,'1981-03-04',10,1),(143,'1995-09-09',30,1),(146,'1981-03-01',91,1),(149,'2019-07-08',19,1),(174,'2017-06-01',50,1),(180,'1989-04-08',52,1),(191,'2008-06-18',61,1),(192,'2010-06-14',39,1),(194,'2016-07-05',16,1),(197,'2002-06-07',91,1),(201,'1971-01-06',19,1),(203,'1982-12-18',73,1),(210,'1982-04-09',91,1),(218,'2022-10-12',2,0),(223,'2008-04-10',70,0),(224,'2011-07-19',50,1),(225,'1991-04-30',10,1),(240,'2009-07-30',42,1),(242,'1971-09-27',39,1),(244,'2018-07-30',66,0),(261,'2007-12-11',30,1),(266,'1985-04-04',81,1),(281,'1973-03-22',91,1),(284,'1994-12-15',16,1),(293,'1988-09-18',30,1),(299,'2010-05-01',2,1),(302,'2019-06-26',80,1),(311,'1994-04-06',10,1),(323,'2003-08-29',81,1),(324,'1971-09-21',91,1),(335,'1981-07-24',42,1),(340,'1994-03-30',10,1),(343,'2007-09-07',81,1),(345,'2009-04-14',63,1),(347,'2011-04-17',54,1),(359,'1971-04-17',63,1),(363,'1971-03-04',54,0),(367,'2007-08-23',6,1),(368,'1995-07-18',30,1),(371,'1980-07-05',66,1),(375,'1986-08-12',19,1),(376,'1978-09-24',19,1),(377,'2022-09-20',50,1),(378,'1994-02-14',2,1),(379,'1972-09-16',30,1),(380,'1988-10-22',52,1),(383,'2002-03-12',69,1),(385,'1971-09-08',19,1),(394,'1991-03-16',42,1),(398,'2007-07-02',91,1),(411,'1994-04-20',54,1),(412,'2018-02-08',61,1),(418,'2003-05-10',63,1),(424,'2008-08-18',39,1),(426,'2002-08-08',91,1),(427,'1997-01-13',91,1),(429,'1974-10-09',2,1),(430,'1988-09-30',54,1),(445,'1984-08-03',61,1),(446,'2009-02-26',52,1),(448,'2004-04-10',66,1),(455,'2017-09-05',50,0),(456,'1987-06-25',73,1),(466,'1997-07-01',66,1),(469,'1980-06-28',10,1),(471,'2021-12-21',16,1),(474,'2005-09-17',50,0),(478,'2014-11-24',93,0),(483,'2022-01-25',54,1),(484,'1971-10-21',17,1),(492,'1989-01-21',39,1),(495,'2007-11-02',91,1),(498,'2017-11-07',52,1),(500,'2012-12-15',10,1),(514,'1991-12-11',10,0),(523,'2013-06-23',2,1),(525,'1973-09-16',70,1),(527,'2022-04-06',10,1),(542,'2006-05-13',19,1),(544,'2001-12-15',80,1),(545,'1980-08-08',50,1),(546,'1979-12-22',19,1),(548,'1978-08-22',30,1),(551,'1972-06-13',19,1),(555,'2004-07-20',66,1),(568,'1975-12-14',81,1),(569,'2019-09-21',73,1),(573,'2001-09-22',91,1),(581,'2005-02-17',69,1),(584,'1997-07-12',63,1),(590,'1997-09-08',73,1),(592,'2009-10-12',81,1),(593,'1979-08-22',93,1),(594,'1994-05-13',61,1),(597,'1983-07-05',80,1),(599,'1988-07-20',54,1),(602,'2012-11-20',63,1),(604,'1982-12-22',10,1),(606,'1975-05-12',50,1),(613,'2021-01-09',16,1),(621,'1999-08-08',52,1),(629,'1973-12-09',52,1),(632,'2009-06-15',19,1),(635,'1975-08-25',6,1),(638,'2013-07-27',30,0),(641,'2014-08-10',63,0),(643,'2004-09-29',17,1),(644,'2015-12-21',61,1),(646,'1974-03-09',52,1),(653,'1972-11-12',2,1),(660,'1983-12-30',10,1),(680,'2010-11-27',73,1),(681,'2021-11-26',39,1),(683,'2012-10-17',6,1),(685,'2015-11-16',50,1),(687,'2013-01-19',73,1),(691,'1984-07-17',52,1),(692,'1989-01-19',63,1),(698,'1995-07-17',52,1),(699,'2008-05-10',42,1),(705,'1989-11-17',80,1),(707,'1970-01-04',30,1),(719,'1990-07-08',93,1),(723,'1983-07-15',16,0),(727,'1974-11-30',30,1),(728,'1976-09-23',19,0),(735,'2004-11-27',93,1),(741,'2005-02-01',69,1),(748,'2005-03-11',39,1),(749,'1995-02-01',80,0),(750,'1975-10-23',17,1),(756,'2003-12-22',73,1),(764,'1990-09-06',93,0),(766,'1987-04-02',16,0),(788,'2009-05-08',54,1),(789,'2022-05-31',42,1),(808,'2004-12-30',73,1),(812,'1999-12-07',63,1),(818,'1970-01-27',19,1),(819,'2010-08-16',66,1),(820,'2005-07-25',69,1),(826,'1996-11-10',91,0),(828,'1997-03-27',80,1),(829,'2019-12-31',69,1),(832,'1994-09-25',2,1),(840,'1995-03-14',69,1),(844,'1998-04-19',39,1),(848,'1993-06-20',81,1),(853,'1974-10-17',30,0),(855,'1981-02-07',16,1),(858,'2017-10-12',39,1),(860,'2002-04-28',63,1),(870,'1987-06-23',6,1),(872,'1984-10-01',73,1),(873,'2016-06-16',91,1),(875,'2002-11-13',39,0),(876,'2022-06-04',93,1),(878,'2004-07-21',91,1),(879,'1983-05-21',81,1),(881,'2019-07-25',91,1),(886,'2013-11-30',69,1),(902,'1986-12-12',19,1),(906,'1970-07-03',30,0),(907,'2017-09-01',30,1),(914,'1973-10-20',70,1),(917,'1996-10-26',52,1),(929,'2002-09-08',93,1),(934,'1973-02-07',19,1),(941,'1976-01-06',2,1),(942,'1999-12-25',6,1),(946,'2010-01-26',54,1),(949,'2008-07-11',81,1),(964,'2012-04-10',63,1),(971,'2008-02-06',63,1),(985,'2022-02-07',91,1),(990,'1975-10-18',10,1),(993,'1986-01-13',63,1),(997,'1997-11-15',80,1);
/*!40000 ALTER TABLE `sales` ENABLE KEYS */;
UNLOCK TABLES;

--
-- Table structure for table `sales_info`
--

DROP TABLE IF EXISTS `sales_info`;
/*!40101 SET @saved_cs_client     = @@character_set_client */;
/*!50503 SET character_set_client = utf8mb4 */;
CREATE TABLE `sales_info` (
  `id` int(11) NOT NULL AUTO_INCREMENT,
  `product_id` int(11) DEFAULT NULL,
  `sale_id` int(11) DEFAULT NULL,
  `quantity` int(10) unsigned DEFAULT NULL,
  PRIMARY KEY (`id`),
  KEY `product_id` (`product_id`),
  KEY `sale_id` (`sale_id`),
  CONSTRAINT `sales_info_ibfk_1` FOREIGN KEY (`product_id`) REFERENCES `products` (`product_id`),
  CONSTRAINT `sales_info_ibfk_2` FOREIGN KEY (`sale_id`) REFERENCES `sales` (`sale_id`) ON DELETE CASCADE
) ENGINE=InnoDB AUTO_INCREMENT=6937 DEFAULT CHARSET=latin1;
/*!40101 SET character_set_client = @saved_cs_client */;

--
-- Dumping data for table `sales_info`
--

LOCK TABLES `sales_info` WRITE;
/*!40000 ALTER TABLE `sales_info` DISABLE KEYS */;
INSERT INTO `sales_info` VALUES (87,164,12,20),(88,158,12,33),(89,36,12,50),(90,45,12,5),(91,166,12,40),(92,318,12,27),(93,48,12,13),(94,87,12,8),(95,218,13,6),(97,233,14,3),(98,487,14,34),(99,291,14,46),(100,123,14,29),(101,65,14,50),(102,334,14,8),(103,130,14,17),(104,47,14,19),(108,235,16,4),(109,10,16,22),(110,465,16,46),(111,304,16,15),(112,192,16,38),(113,449,16,45),(114,395,16,16),(115,17,16,3),(131,78,19,15),(132,321,19,47),(134,410,19,8),(135,75,19,19),(136,200,19,1),(137,407,19,35),(138,103,19,48),(139,172,19,30),(140,320,19,39),(141,318,19,15),(142,156,19,22),(143,296,19,13),(144,448,20,49),(145,430,20,50),(146,84,20,19),(147,159,20,32),(148,404,20,3),(149,115,20,6),(224,154,31,31),(225,364,31,32),(226,67,31,32),(227,410,31,49),(228,66,31,28),(229,19,31,29),(239,129,34,47),(241,434,34,16),(242,108,34,5),(243,288,34,11),(244,50,34,3),(245,233,34,49),(246,95,34,20),(302,233,42,47),(303,71,42,30),(304,327,42,35),(305,394,42,4),(306,393,42,33),(308,432,42,36),(309,494,42,31),(310,474,42,26),(370,172,51,50),(371,420,51,6),(372,117,51,21),(373,99,51,7),(374,145,51,45),(375,401,51,27),(408,154,58,5),(409,195,58,36),(410,291,58,29),(411,482,58,1),(412,6,58,27),(413,90,58,35),(414,34,58,36),(415,219,58,36),(416,410,58,27),(450,262,68,41),(451,185,68,7),(452,61,68,48),(483,487,73,21),(484,373,73,28),(500,327,75,43),(501,242,75,20),(502,150,75,13),(503,249,75,18),(504,204,75,19),(505,90,75,42),(506,234,75,28),(507,69,75,39),(508,133,75,42),(509,219,76,41),(510,187,76,26),(511,184,76,25),(512,299,76,46),(513,141,76,24),(514,488,76,45),(515,30,76,11),(516,273,76,42),(517,17,76,28),(519,325,78,33),(520,338,78,39),(521,478,78,22),(654,378,99,50),(655,164,99,16),(656,318,99,29),(660,267,101,39),(661,403,101,15),(662,302,101,6),(663,204,101,5),(664,260,101,3),(665,247,101,37),(666,226,101,20),(667,305,101,50),(668,232,101,21),(669,366,101,8),(670,104,101,29),(671,312,101,8),(672,145,101,41),(685,246,104,42),(686,497,104,22),(687,463,104,43),(688,385,104,32),(689,293,104,13),(690,253,104,41),(691,482,104,3),(692,419,104,36),(693,38,104,47),(694,387,104,12),(695,313,104,21),(696,152,104,25),(697,493,104,18),(698,173,104,21),(699,473,104,18),(700,278,105,36),(701,408,105,18),(702,129,105,20),(706,242,107,23),(707,51,107,28),(708,201,107,11),(710,62,107,12),(737,23,111,6),(738,48,111,19),(739,221,111,22),(740,6,111,2),(804,184,121,30),(805,131,121,20),(806,471,121,34),(808,16,121,44),(809,417,121,37),(830,469,125,42),(834,44,127,23),(835,158,127,1),(836,448,127,16),(837,411,127,5),(838,242,127,46),(839,256,127,24),(840,46,127,14),(841,329,127,39),(842,433,127,33),(843,444,128,33),(844,465,128,39),(845,284,128,15),(846,444,128,38),(847,182,128,20),(848,44,128,48),(903,428,134,31),(957,491,143,46),(958,294,143,8),(959,192,143,49),(960,97,143,42),(961,108,143,25),(962,34,143,48),(983,332,146,9),(984,191,146,21),(985,258,146,29),(986,418,146,27),(987,110,146,40),(988,451,146,47),(989,106,146,5),(990,246,146,49),(991,443,146,18),(1013,265,149,36),(1015,123,149,36),(1203,73,174,37),(1204,380,174,42),(1205,324,174,1),(1206,483,174,11),(1207,494,174,37),(1208,360,174,12),(1247,497,180,26),(1248,431,180,16),(1312,485,191,21),(1313,155,191,26),(1314,370,191,9),(1315,488,191,42),(1316,247,191,48),(1317,332,191,14),(1318,74,191,31),(1319,418,191,15),(1320,157,191,11),(1321,117,191,7),(1322,419,191,36),(1323,98,191,5),(1324,11,191,17),(1325,70,191,4),(1326,267,191,14),(1327,312,192,18),(1328,134,192,22),(1329,30,192,15),(1330,139,192,35),(1331,39,192,32),(1332,85,192,22),(1333,439,192,38),(1334,219,192,19),(1335,218,192,5),(1341,488,194,40),(1342,333,194,45),(1343,17,194,31),(1344,326,194,21),(1345,58,194,10),(1346,188,194,10),(1371,180,197,49),(1372,410,197,5),(1373,315,197,43),(1374,33,197,20),(1375,308,197,10),(1376,217,197,6),(1391,49,201,16),(1392,454,201,40),(1393,187,201,22),(1399,156,203,45),(1400,339,203,30),(1401,318,203,17),(1402,364,203,45),(1403,498,203,9),(1404,15,203,41),(1452,71,210,18),(1453,75,210,25),(1454,172,210,35),(1530,469,218,17),(1551,281,223,2),(1552,182,223,4),(1553,254,223,6),(1554,352,223,10),(1555,381,223,45),(1556,221,223,34),(1557,398,224,24),(1558,472,224,46),(1560,445,224,13),(1561,436,224,39),(1562,403,224,47),(1563,164,225,50),(1564,460,225,17),(1656,60,240,33),(1657,418,240,34),(1658,113,240,15),(1659,50,240,2),(1660,303,240,24),(1661,58,240,39),(1662,239,240,7),(1663,260,240,38),(1664,182,240,46),(1665,475,240,22),(1666,225,240,18),(1667,127,240,44),(1668,104,240,31),(1669,328,240,44),(1670,35,240,6),(1672,462,242,11),(1673,446,242,42),(1674,17,242,27),(1675,481,242,42),(1676,113,242,10),(1677,305,242,49),(1678,1,242,13),(1679,447,242,46),(1680,154,242,16),(1681,173,242,12),(1682,163,242,35),(1683,39,242,39),(1684,106,242,46),(1691,495,244,43),(1772,147,261,32),(1773,189,261,30),(1815,6,266,40),(1816,156,266,12),(1817,279,266,21),(1818,92,266,24),(1819,78,266,23),(1820,194,266,25),(1821,464,266,27),(1822,256,266,31),(1823,249,266,8),(1824,258,266,49),(1825,446,266,22),(1826,256,266,12),(1827,156,266,12),(1829,200,266,41),(1954,62,281,24),(1955,220,281,39),(1956,214,281,25),(1957,269,281,43),(1958,438,281,28),(1959,140,281,37),(1960,13,281,1),(1961,224,281,27),(1962,308,281,18),(1963,152,281,7),(1964,114,281,5),(1965,195,281,44),(1966,49,281,33),(1993,481,284,26),(1994,473,284,24),(1995,124,284,38),(2037,101,293,3),(2038,185,293,3),(2039,469,293,44),(2040,454,293,38),(2041,404,293,1),(2042,7,293,16),(2088,455,299,41),(2089,306,299,19),(2090,72,299,4),(2102,354,302,30),(2103,178,302,25),(2142,232,311,2),(2143,130,311,35),(2144,176,311,50),(2145,130,311,5),(2146,60,311,47),(2219,101,323,43),(2220,5,323,2),(2221,344,323,32),(2222,438,324,2),(2223,424,324,9),(2224,345,324,39),(2225,14,324,32),(2226,90,324,3),(2227,161,324,47),(2294,179,335,28),(2295,456,335,24),(2296,154,335,33),(2297,229,335,38),(2298,112,335,34),(2299,234,335,28),(2324,49,340,44),(2334,225,343,49),(2335,301,343,50),(2336,420,343,36),(2337,307,343,42),(2338,237,343,43),(2339,437,343,7),(2343,473,345,22),(2344,296,345,48),(2345,411,345,10),(2346,145,345,28),(2347,20,345,50),(2348,283,345,13),(2349,154,345,42),(2350,234,345,23),(2351,46,345,39),(2352,178,345,14),(2353,480,345,31),(2354,141,345,9),(2355,88,345,48),(2365,368,347,35),(2366,475,347,6),(2367,74,347,34),(2450,20,359,10),(2451,28,359,24),(2452,183,359,50),(2453,161,359,28),(2454,175,359,15),(2455,226,359,27),(2456,390,359,43),(2457,242,359,50),(2458,228,359,32),(2459,281,359,10),(2460,5,359,13),(2461,272,359,16),(2462,178,359,6),(2463,248,359,43),(2464,482,359,12),(2494,451,363,11),(2495,282,363,47),(2496,288,363,20),(2497,51,363,47),(2499,95,363,35),(2521,204,367,25),(2522,293,367,17),(2523,214,367,12),(2524,276,368,43),(2553,232,371,11),(2555,390,371,41),(2572,232,375,18),(2573,45,375,13),(2574,485,375,8),(2575,88,376,9),(2576,199,376,10),(2577,46,376,22),(2578,84,376,16),(2579,82,376,23),(2580,488,376,23),(2581,356,376,4),(2582,74,376,1),(2583,279,376,3),(2584,264,377,30),(2585,393,377,33),(2586,151,377,12),(2587,59,377,48),(2588,371,377,27),(2589,73,377,8),(2590,420,378,30),(2591,183,378,17),(2592,206,378,29),(2593,277,378,37),(2594,226,378,24),(2595,272,378,21),(2596,170,378,40),(2597,386,378,41),(2598,198,378,41),(2599,90,378,24),(2600,108,378,42),(2601,366,378,24),(2602,290,378,46),(2603,487,379,16),(2604,357,379,47),(2605,93,379,16),(2606,188,379,39),(2607,21,379,44),(2608,130,379,44),(2609,33,380,35),(2610,50,380,22),(2611,326,380,26),(2612,284,380,15),(2613,316,380,10),(2614,199,380,41),(2615,424,380,25),(2616,459,380,16),(2629,471,383,21),(2630,379,383,15),(2631,408,383,42),(2638,398,385,25),(2639,4,385,5),(2640,446,385,26),(2641,318,385,26),(2642,51,385,17),(2643,321,385,36),(2644,258,385,34),(2645,50,385,5),(2646,241,385,10),(2647,237,385,21),(2648,187,385,14),(2649,159,385,20),(2650,244,385,4),(2651,167,385,34),(2652,61,385,15),(2710,250,394,39),(2711,259,394,17),(2712,75,394,2),(2713,254,394,38),(2714,463,394,36),(2715,381,394,18),(2716,238,394,18),(2717,56,394,27),(2718,81,394,37),(2737,331,398,1),(2738,230,398,44),(2739,149,398,33),(2740,300,398,10),(2741,440,398,1),(2742,289,398,8),(2743,122,398,5),(2744,113,398,47),(2817,411,411,27),(2818,356,411,30),(2819,415,411,11),(2820,134,411,1),(2821,132,411,46),(2822,192,411,44),(2823,288,412,2),(2824,182,412,18),(2865,394,418,16),(2866,282,418,49),(2867,160,418,47),(2868,33,418,42),(2869,264,418,29),(2899,266,424,21),(2900,19,424,31),(2901,258,424,50),(2911,211,426,25),(2912,96,427,28),(2913,497,427,46),(2914,1,427,39),(2920,494,429,21),(2922,174,429,13),(2923,56,430,33),(2924,338,430,43),(2925,485,430,44),(2926,148,430,14),(2927,72,430,16),(2928,434,430,24),(2929,31,430,45),(2930,284,430,47),(3006,59,445,10),(3007,243,445,48),(3008,401,445,26),(3009,120,446,26),(3010,399,446,47),(3011,157,446,31),(3012,272,446,16),(3013,387,446,12),(3014,158,446,21),(3015,166,446,50),(3016,454,446,14),(3017,473,446,29),(3018,276,446,44),(3019,113,446,35),(3020,331,446,16),(3021,26,446,3),(3030,297,448,20),(3031,335,448,42),(3032,68,448,46),(3033,452,448,17),(3034,232,448,25),(3035,133,448,42),(3036,77,448,36),(3037,4,448,32),(3074,292,455,2),(3075,112,455,29),(3076,425,455,22),(3077,392,455,28),(3078,141,455,27),(3079,367,456,31),(3080,390,456,31),(3081,119,456,42),(3082,89,456,34),(3083,379,456,41),(3084,436,456,41),(3085,272,456,35),(3086,40,456,33),(3087,222,456,11),(3133,433,466,21),(3134,418,466,41),(3157,34,469,46),(3158,86,469,3),(3159,189,469,19),(3160,284,469,4),(3161,104,469,41),(3162,400,469,36),(3163,261,469,9),(3164,99,469,38),(3165,265,469,29),(3166,201,469,40),(3167,93,469,31),(3168,461,469,26),(3169,481,469,26),(3173,396,471,30),(3174,329,471,32),(3175,257,471,39),(3176,458,471,48),(3177,137,471,24),(3193,267,474,41),(3194,276,474,10),(3195,195,474,8),(3196,247,474,3),(3197,476,474,30),(3198,285,474,27),(3199,382,474,15),(3200,45,474,27),(3216,146,478,49),(3217,192,478,50),(3218,54,478,16),(3219,170,478,33),(3220,314,478,41),(3221,275,478,37),(3222,51,478,24),(3223,7,478,12),(3224,170,478,48),(3225,51,478,9),(3226,350,478,22),(3227,57,478,23),(3228,377,478,38),(3229,91,478,47),(3230,29,478,48),(3255,238,483,30),(3256,311,483,10),(3257,466,483,36),(3258,298,484,7),(3259,310,484,24),(3260,229,484,46),(3312,140,492,25),(3314,178,492,47),(3316,13,492,40),(3317,212,492,30),(3318,105,492,20),(3319,449,492,47),(3320,265,492,19),(3333,110,495,40),(3334,303,495,4),(3335,233,495,30),(3336,221,495,13),(3337,203,495,47),(3351,466,498,12),(3355,49,500,34),(3356,261,500,30),(3357,209,500,32),(3358,244,500,14),(3359,495,500,29),(3360,86,500,35),(3361,474,500,43),(3362,356,500,46),(3363,295,500,3),(3457,262,514,47),(3458,260,514,17),(3459,331,514,27),(3460,165,514,37),(3461,482,514,17),(3462,335,514,24),(3521,170,523,28),(3522,426,523,23),(3523,263,523,48),(3524,173,523,21),(3525,282,523,18),(3535,371,525,50),(3536,430,525,42),(3537,10,525,44),(3538,2,525,10),(3539,266,525,40),(3540,480,525,26),(3541,277,525,48),(3542,437,525,42),(3543,146,525,50),(3544,84,525,49),(3545,397,525,38),(3546,490,525,31),(3547,491,525,15),(3548,108,525,16),(3549,274,525,49),(3553,146,527,33),(3554,124,527,1),(3555,219,527,7),(3556,28,527,35),(3557,133,527,4),(3558,396,527,30),(3668,299,542,39),(3669,57,542,31),(3670,382,542,28),(3671,440,542,32),(3672,146,542,5),(3673,201,542,34),(3674,380,542,45),(3675,262,542,43),(3676,28,542,36),(3677,279,542,26),(3678,335,542,5),(3679,87,542,24),(3680,226,542,1),(3690,319,544,23),(3691,93,544,23),(3692,266,544,31),(3693,467,544,27),(3694,228,544,34),(3695,351,544,48),(3696,426,544,29),(3697,279,544,16),(3698,49,545,17),(3699,247,545,21),(3700,428,545,46),(3701,247,545,33),(3702,448,545,22),(3703,122,545,49),(3704,167,545,6),(3705,215,545,49),(3706,398,545,16),(3707,315,545,38),(3708,430,545,7),(3709,458,545,50),(3710,478,545,6),(3711,282,546,38),(3712,464,546,2),(3713,124,546,20),(3714,315,546,24),(3715,454,546,42),(3716,485,546,14),(3717,290,546,49),(3718,367,546,46),(3727,364,548,45),(3728,412,548,18),(3729,57,548,30),(3730,394,548,16),(3731,53,548,21),(3732,48,548,16),(3755,201,551,25),(3756,24,551,15),(3757,38,551,21),(3758,463,551,43),(3759,5,551,38),(3760,399,551,49),(3761,342,551,13),(3762,201,551,8),(3763,263,551,31),(3764,483,551,43),(3765,401,551,2),(3766,94,551,11),(3767,118,551,41),(3768,28,551,1),(3769,282,551,8),(3800,143,555,21),(3801,240,555,42),(3802,81,555,29),(3803,327,555,22),(3804,197,555,31),(3805,90,555,26),(3886,483,568,34),(3887,318,568,12),(3888,172,568,46),(3889,57,569,32),(3890,313,569,24),(3891,427,569,42),(3892,173,569,25),(3893,136,569,10),(3894,242,569,44),(3895,338,569,48),(3896,424,569,14),(3897,17,569,33),(3898,202,569,30),(3899,116,569,5),(3900,207,569,16),(3902,147,569,7),(3903,63,569,44),(3923,221,573,7),(3924,251,573,29),(3925,98,573,37),(3926,345,573,23),(3927,18,573,23),(3928,173,573,31),(3929,358,573,50),(3930,118,573,40),(3931,71,573,18),(3932,424,573,48),(3933,312,573,14),(3934,243,573,1),(3935,317,573,50),(3936,365,573,45),(3937,396,573,48),(3985,397,581,3),(3986,418,581,2),(3987,324,581,9),(4006,55,584,40),(4007,481,584,46),(4042,234,590,46),(4043,475,590,42),(4044,326,590,6),(4045,323,590,10),(4046,146,590,2),(4047,317,590,13),(4054,102,592,12),(4055,290,592,5),(4056,28,592,36),(4057,285,592,16),(4058,16,592,33),(4059,357,592,2),(4060,299,592,38),(4061,288,592,29),(4062,247,592,47),(4063,380,592,36),(4064,157,592,17),(4065,172,592,23),(4066,361,592,7),(4068,441,592,35),(4069,195,593,1),(4070,16,593,28),(4071,272,593,45),(4072,154,594,14),(4074,62,594,40),(4075,410,594,16),(4076,307,594,10),(4077,494,594,48),(4078,201,594,44),(4079,202,594,28),(4080,255,594,28),(4081,356,594,6),(4082,320,594,47),(4083,276,594,25),(4084,132,594,21),(4085,86,594,16),(4086,147,594,6),(4108,313,597,5),(4109,19,597,7),(4111,304,597,11),(4112,380,597,25),(4113,302,597,28),(4114,164,597,26),(4115,262,597,33),(4131,474,599,32),(4132,240,599,33),(4133,86,599,9),(4145,109,602,15),(4149,371,604,36),(4150,494,604,13),(4151,200,604,18),(4152,234,604,5),(4153,148,604,17),(4154,326,604,25),(4155,462,604,50),(4156,288,604,31),(4157,453,604,44),(4166,208,606,20),(4167,276,606,31),(4168,399,606,16),(4169,261,606,4),(4170,118,606,12),(4171,345,606,24),(4172,452,606,50),(4173,266,606,49),(4174,179,606,42),(4175,148,606,41),(4176,103,606,2),(4177,18,606,16),(4178,325,606,18),(4206,311,613,26),(4207,440,613,31),(4289,227,621,12),(4290,2,621,42),(4291,406,621,1),(4293,410,621,3),(4294,440,621,49),(4295,256,621,46),(4296,383,621,6),(4297,213,621,13),(4298,429,621,21),(4299,449,621,17),(4300,417,621,17),(4301,264,621,30),(4338,447,629,1),(4339,74,629,45),(4340,47,629,16),(4341,376,629,11),(4342,9,629,31),(4343,88,629,39),(4355,60,632,1),(4356,453,632,45),(4358,55,632,22),(4359,434,632,9),(4360,194,632,3),(4362,250,632,34),(4363,427,632,5),(4364,312,632,42),(4365,144,632,16),(4366,17,632,36),(4367,351,632,3),(4368,94,632,35),(4369,185,632,23),(4379,50,635,1),(4380,268,635,1),(4381,354,635,39),(4402,303,638,17),(4403,464,638,19),(4404,279,638,4),(4405,30,638,28),(4406,41,638,13),(4422,401,641,2),(4423,269,641,13),(4424,14,641,12),(4428,59,643,43),(4429,366,643,17),(4430,206,643,20),(4431,189,643,17),(4432,300,643,21),(4433,35,643,37),(4434,401,644,25),(4435,78,644,38),(4436,371,644,38),(4437,428,644,13),(4438,240,644,4),(4439,85,644,39),(4441,398,646,15),(4442,11,646,18),(4443,147,646,9),(4474,101,653,5),(4476,22,653,39),(4478,385,653,16),(4479,139,653,9),(4480,499,653,4),(4481,37,653,5),(4482,407,653,21),(4549,255,660,30),(4550,123,660,30),(4551,132,660,43),(4552,120,660,43),(4554,374,660,5),(4555,44,660,27),(4556,491,660,40),(4676,250,680,10),(4677,12,680,48),(4678,218,680,49),(4679,20,681,48),(4680,313,681,30),(4681,55,681,35),(4682,466,681,40),(4683,94,681,18),(4684,221,681,2),(4685,13,681,6),(4686,165,681,14),(4687,17,681,29),(4694,164,683,50),(4695,74,683,1),(4696,342,683,34),(4697,444,683,19),(4698,14,683,4),(4699,459,683,39),(4713,263,685,26),(4714,52,685,34),(4715,363,685,41),(4716,413,685,4),(4717,34,685,35),(4718,397,685,50),(4719,485,685,17),(4720,1,685,9),(4721,459,685,46),(4728,297,687,25),(4729,218,687,44),(4730,246,687,43),(4731,491,687,38),(4732,365,687,39),(4733,170,687,15),(4763,474,691,44),(4764,178,691,17),(4765,115,691,1),(4766,395,691,21),(4767,192,691,39),(4768,446,691,37),(4769,422,692,21),(4771,461,692,42),(4772,344,692,35),(4773,115,692,35),(4774,219,692,50),(4775,100,692,30),(4776,184,692,3),(4777,489,692,21),(4778,335,692,11),(4779,273,692,1),(4780,228,692,21),(4781,168,692,42),(4828,53,698,19),(4829,445,698,18),(4830,204,698,23),(4831,94,698,11),(4832,88,698,15),(4834,464,699,8),(4835,364,699,16),(4836,492,699,25),(4837,280,699,43),(4838,137,699,25),(4839,207,699,34),(4840,149,699,19),(4841,348,699,17),(4842,23,699,42),(4843,21,699,47),(4844,398,699,36),(4845,1,699,48),(4888,213,705,17),(4889,422,705,18),(4890,320,705,1),(4891,205,705,1),(4892,484,705,33),(4906,450,707,26),(4907,25,707,41),(4908,474,707,7),(4909,140,707,12),(4910,280,707,44),(4911,323,707,1),(4975,54,719,49),(4976,198,719,37),(4977,97,719,27),(4978,122,719,7),(4979,129,719,47),(4980,95,719,43),(4993,221,723,50),(4994,205,723,12),(4995,69,723,37),(5023,292,727,39),(5024,138,727,38),(5025,73,727,49),(5026,146,727,44),(5027,234,727,21),(5028,181,727,18),(5029,106,728,30),(5030,496,728,15),(5031,414,728,13),(5032,311,728,50),(5033,135,728,39),(5034,480,728,37),(5035,212,728,41),(5036,53,728,18),(5076,258,735,6),(5077,93,735,48),(5078,351,735,6),(5080,377,735,45),(5122,139,741,9),(5123,354,741,29),(5124,132,741,41),(5125,434,741,5),(5126,478,741,28),(5127,223,741,10),(5194,59,748,7),(5195,244,748,9),(5196,459,748,3),(5197,499,748,48),(5198,28,748,24),(5199,223,748,40),(5200,7,748,47),(5201,40,748,13),(5202,403,748,14),(5203,412,748,6),(5204,228,748,33),(5205,80,748,36),(5206,410,748,4),(5207,129,748,15),(5208,118,748,14),(5209,228,749,50),(5210,104,749,33),(5211,301,749,28),(5212,345,749,24),(5213,31,749,37),(5214,469,749,8),(5215,424,750,38),(5216,435,750,29),(5217,282,750,8),(5218,201,750,29),(5219,328,750,47),(5256,463,756,31),(5257,159,756,11),(5258,260,756,15),(5259,367,756,36),(5260,319,756,41),(5261,198,756,22),(5309,236,764,35),(5310,165,764,15),(5311,266,764,3),(5312,371,764,25),(5313,295,764,22),(5314,495,764,11),(5324,118,766,43),(5483,361,788,11),(5484,383,788,17),(5485,207,788,7),(5486,157,788,5),(5487,469,788,47),(5488,159,788,25),(5489,314,788,30),(5490,13,788,9),(5491,467,788,23),(5492,441,788,24),(5493,465,788,25),(5494,28,788,26),(5495,155,788,28),(5496,45,789,38),(5497,427,789,23),(5498,290,789,11),(5499,399,789,39),(5500,321,789,44),(5501,357,789,25),(5502,10,789,34),(5503,377,789,17),(5504,118,789,18),(5505,31,789,21),(5506,329,789,25),(5508,360,789,20),(5613,53,808,26),(5614,371,808,24),(5615,298,808,14),(5616,430,808,1),(5617,76,808,29),(5618,33,808,40),(5619,274,808,10),(5620,188,808,48),(5637,105,812,46),(5638,28,812,21),(5639,10,812,24),(5640,233,812,33),(5641,165,812,46),(5642,318,812,35),(5643,17,812,13),(5644,439,812,13),(5645,291,812,40),(5646,1,812,4),(5647,284,812,17),(5648,144,812,15),(5649,278,812,48),(5682,487,818,28),(5683,207,818,29),(5684,220,818,43),(5685,87,818,44),(5686,131,818,1),(5687,52,818,15),(5688,86,818,41),(5689,305,818,18),(5690,292,818,3),(5691,298,818,2),(5692,261,818,6),(5693,260,818,7),(5694,49,818,38),(5695,323,819,5),(5696,326,819,31),(5697,250,819,40),(5699,45,819,28),(5700,61,820,37),(5701,354,820,33),(5702,219,820,22),(5752,193,826,8),(5753,250,826,13),(5754,364,826,22),(5755,20,826,6),(5756,292,826,11),(5757,124,826,20),(5760,202,828,4),(5761,353,828,46),(5763,194,829,7),(5764,201,829,36),(5765,228,829,19),(5766,321,829,38),(5767,496,829,9),(5768,63,829,34),(5777,463,832,6),(5778,353,832,34),(5779,404,832,45),(5780,368,832,37),(5781,125,832,40),(5782,243,832,22),(5783,143,832,16),(5784,206,832,48),(5819,382,840,13),(5820,361,840,35),(5821,224,840,26),(5822,56,840,37),(5823,199,840,21),(5844,453,844,47),(5845,358,844,5),(5846,401,844,23),(5847,282,844,49),(5848,189,844,42),(5849,59,844,43),(5850,146,844,1),(5851,217,844,20),(5852,63,844,6),(5865,69,848,9),(5866,499,848,29),(5867,464,848,42),(5890,99,853,39),(5891,58,853,46),(5892,246,853,29),(5893,102,853,2),(5894,316,853,20),(5895,219,853,27),(5905,5,855,24),(5906,119,855,15),(5907,321,855,11),(5922,211,858,7),(5923,225,858,26),(5924,354,858,14),(5925,244,858,44),(5926,35,858,11),(5927,114,858,21),(5934,127,860,4),(5935,83,860,11),(5936,219,860,41),(5937,231,860,4),(5938,295,860,30),(5939,298,860,48),(6003,14,870,17),(6004,185,870,9),(6005,320,870,31),(6006,115,870,12),(6007,328,870,1),(6008,108,870,41),(6009,393,870,2),(6010,353,870,28),(6017,295,872,17),(6018,247,872,34),(6019,5,872,31),(6020,106,872,11),(6021,212,872,21),(6022,361,872,22),(6023,420,873,1),(6024,244,873,12),(6025,190,873,13),(6026,148,873,2),(6027,287,873,29),(6028,13,873,32),(6034,197,875,9),(6035,210,875,32),(6036,164,875,38),(6037,440,875,8),(6038,184,875,13),(6039,423,875,26),(6040,449,876,1),(6041,304,876,43),(6042,334,876,39),(6043,300,876,46),(6044,320,876,30),(6045,13,876,35),(6046,452,876,46),(6047,268,876,12),(6048,265,876,36),(6049,491,876,21),(6050,54,876,41),(6052,493,876,47),(6068,490,878,37),(6069,443,878,3),(6070,443,878,18),(6071,251,879,2),(6073,446,879,28),(6074,15,879,32),(6075,307,879,47),(6076,405,879,27),(6090,281,881,3),(6091,137,881,24),(6092,429,881,16),(6093,11,881,12),(6094,469,881,5),(6095,298,881,7),(6115,239,886,9),(6116,136,886,47),(6117,116,886,26),(6118,429,886,29),(6119,23,886,33),(6235,132,902,5),(6236,454,902,9),(6237,345,902,13),(6267,23,906,25),(6268,63,906,11),(6269,95,906,31),(6270,460,906,45),(6271,224,906,10),(6272,439,906,47),(6273,145,907,35),(6274,367,907,8),(6275,65,907,28),(6276,331,907,34),(6277,191,907,27),(6278,83,907,31),(6279,440,907,43),(6280,249,907,38),(6282,268,907,22),(6283,94,907,23),(6284,231,907,44),(6285,27,907,20),(6286,66,907,24),(6287,27,907,31),(6327,458,914,26),(6328,6,914,2),(6329,311,914,2),(6330,204,914,39),(6331,324,914,9),(6332,84,914,8),(6354,225,917,13),(6355,477,917,34),(6356,475,917,44),(6357,441,917,32),(6358,327,917,6),(6359,116,917,8),(6360,211,917,31),(6361,471,917,46),(6362,161,917,32),(6363,10,917,44),(6364,210,917,28),(6365,22,917,37),(6366,151,917,32),(6367,303,917,19),(6368,203,917,5),(6457,488,929,50),(6458,489,929,13),(6460,216,929,7),(6461,266,929,17),(6484,172,934,21),(6485,475,934,30),(6486,244,934,46),(6487,283,934,15),(6488,21,934,30),(6489,129,934,33),(6490,179,934,47),(6491,8,934,10),(6492,494,934,47),(6555,72,941,35),(6556,330,941,28),(6557,399,941,48),(6558,465,941,32),(6559,469,941,13),(6560,491,941,48),(6561,80,942,13),(6562,33,942,45),(6563,211,942,33),(6564,260,942,25),(6565,260,942,50),(6566,13,942,20),(6567,463,942,23),(6568,259,942,13),(6569,403,942,38),(6570,329,942,21),(6571,308,942,45),(6572,15,942,42),(6573,102,942,3),(6602,401,946,20),(6603,342,946,42),(6613,151,949,14),(6614,73,949,21),(6696,478,964,12),(6697,116,964,48),(6698,41,964,45),(6699,198,964,36),(6700,129,964,45),(6701,437,964,19),(6702,423,964,11),(6703,372,964,45),(6752,266,971,22),(6753,366,971,42),(6754,56,971,26),(6755,480,971,15),(6756,296,971,14),(6824,487,985,29),(6825,493,985,37),(6826,125,985,44),(6827,397,985,29),(6828,465,985,39),(6829,457,985,3),(6870,258,990,34),(6871,366,990,39),(6872,315,990,17),(6873,423,990,6),(6874,279,990,16),(6875,163,990,7),(6876,36,990,6),(6877,83,990,2),(6879,49,990,12),(6880,147,990,17),(6881,148,990,11),(6882,51,990,12),(6897,243,993,30),(6898,89,993,2),(6899,460,993,38),(6929,259,997,34),(6930,439,997,28),(6931,356,997,28),(6932,173,997,40),(6933,455,997,23),(6934,218,997,20),(6935,337,997,42),(6936,374,997,17);
/*!40000 ALTER TABLE `sales_info` ENABLE KEYS */;
UNLOCK TABLES;

--
-- Table structure for table `suppliers`
--

DROP TABLE IF EXISTS `suppliers`;
/*!40101 SET @saved_cs_client     = @@character_set_client */;
/*!50503 SET character_set_client = utf8mb4 */;
CREATE TABLE `suppliers` (
  `supplier_id` int(11) NOT NULL AUTO_INCREMENT,
  `company` varchar(50) DEFAULT NULL,
  `name` varchar(50) DEFAULT NULL,
  `nip` char(10) DEFAULT NULL,
  `address` varchar(50) DEFAULT NULL,
  `phone_number` varchar(12) DEFAULT NULL,
  `email` varchar(50) DEFAULT NULL,
  PRIMARY KEY (`supplier_id`)
) ENGINE=InnoDB AUTO_INCREMENT=27 DEFAULT CHARSET=latin1;
/*!40101 SET character_set_client = @saved_cs_client */;

--
-- Dumping data for table `suppliers`
--

LOCK TABLES `suppliers` WRITE;
/*!40000 ALTER TABLE `suppliers` DISABLE KEYS */;
INSERT INTO `suppliers` VALUES (4,'Webb, Harris and Morris','Jennifer Alvarez','491359','3002 Dudley Pine West Sarahfurt, KS 42859','325-481-7460','carrieorozco@example.net'),(8,'Chavez, Harvey and Kelly','Kimberly Stewart','983471','Unit 4315 Box 7760 DPO AP 19937','6739287181','ehamilton@example.org'),(9,'Snyder-Miller','Jason Hicks','525943','4130 Skinner Harbors Apt. 341 Tuckertown, MH 64041','395-863-0564','rodriguezchristopher@example.com'),(11,'Smith Inc','Suzanne Ochoa','119991','20919 Herrera Junctions Port Laurie, AK 07388','9781106116','ufoley@example.com'),(16,'Williams PLC','Mrs. Anne Martinez','289375','662 Austin Avenue Shellyberg, WA 53105','491.222.9689','rodriguezlindsay@example.org'),(20,'Gonzalez Inc','Donald Wright','563495','422 Wade Creek Apt. 240 Rhodesburgh, SC 52061','285.104.3180','hobbschristopher@example.net'),(25,'Livingston-Porter','Jonathan Nguyen','297383','623 Rowland Mission Apt. 232 Jasonside, NJ 65789','6855835176','cory67@example.net'),(26,'Haas, Osborne and Mccoy','Steven Collins','239927','2615 Tammy Point Suite 382 Harmonview, WY 08068','3194092916','oking@example.com');
/*!40000 ALTER TABLE `suppliers` ENABLE KEYS */;
UNLOCK TABLES;

--
-- Table structure for table `supplies`
--

DROP TABLE IF EXISTS `supplies`;
/*!40101 SET @saved_cs_client     = @@character_set_client */;
/*!50503 SET character_set_client = utf8mb4 */;
CREATE TABLE `supplies` (
  `supply_id` int(11) NOT NULL AUTO_INCREMENT,
  `supply_date` date DEFAULT NULL,
  `supplier_id` int(11) DEFAULT NULL,
  `done` tinyint(1) DEFAULT NULL,
  PRIMARY KEY (`supply_id`),
  KEY `supplier_id` (`supplier_id`),
  CONSTRAINT `supplies_ibfk_1` FOREIGN KEY (`supplier_id`) REFERENCES `suppliers` (`supplier_id`)
) ENGINE=InnoDB AUTO_INCREMENT=499 DEFAULT CHARSET=latin1;
/*!40101 SET character_set_client = @saved_cs_client */;

--
-- Dumping data for table `supplies`
--

LOCK TABLES `supplies` WRITE;
/*!40000 ALTER TABLE `supplies` DISABLE KEYS */;
INSERT INTO `supplies` VALUES (1,'2018-09-03',9,1),(2,'1997-08-17',9,1),(16,'1989-12-06',9,1),(19,'1978-10-03',20,1),(28,'2000-12-05',8,1),(29,'1987-10-11',8,1),(30,'2014-03-28',25,1),(32,'1996-08-30',25,1),(36,'1982-10-14',4,1),(37,'2013-07-29',20,1),(38,'2016-06-13',20,0),(46,'2011-05-16',25,1),(52,'1995-11-27',25,1),(55,'2006-11-11',26,1),(59,'1975-05-06',8,1),(64,'1997-08-08',26,0),(67,'1981-09-19',9,1),(71,'2017-04-30',25,1),(72,'1985-09-23',20,1),(78,'2006-02-13',9,1),(82,'1971-02-02',16,1),(86,'1982-09-14',25,1),(87,'2014-06-15',26,1),(90,'1970-09-25',16,1),(97,'1994-06-26',25,1),(117,'2007-12-28',25,1),(121,'1986-03-18',4,1),(122,'1987-05-24',26,0),(128,'2018-05-26',26,1),(129,'1979-07-30',26,1),(131,'1979-07-23',26,1),(133,'2016-09-20',20,1),(142,'2006-07-21',20,1),(148,'1989-10-16',11,1),(153,'1995-11-06',25,1),(178,'1982-03-09',20,1),(182,'1989-08-15',20,1),(191,'2001-03-16',9,1),(193,'1978-07-16',25,1),(196,'1979-12-05',25,1),(197,'1998-03-27',4,1),(203,'1982-06-16',4,1),(206,'1994-07-03',16,1),(207,'1987-08-04',16,1),(208,'2003-09-16',25,0),(218,'1998-06-16',26,1),(220,'1973-10-09',4,1),(223,'2020-05-31',4,1),(227,'2005-08-30',4,1),(231,'2010-03-25',11,0),(240,'2022-01-29',11,1),(245,'1992-11-12',9,1),(251,'2004-05-10',8,1),(253,'2004-02-23',11,1),(254,'2012-01-14',8,1),(257,'1970-05-26',25,1),(262,'2012-05-01',8,1),(268,'2012-11-11',26,1),(270,'2011-09-30',4,1),(271,'1977-02-08',8,1),(283,'2019-02-28',11,1),(285,'1971-02-17',9,1),(288,'2014-04-05',26,1),(290,'2001-06-12',11,1),(291,'1988-04-26',20,1),(299,'2022-08-19',11,1),(300,'1999-06-12',8,1),(301,'2005-08-27',8,1),(305,'1973-03-10',8,1),(307,'1997-04-29',11,1),(316,'1971-06-01',11,1),(317,'1981-07-19',11,1),(321,'1982-05-08',16,1),(332,'1995-08-08',16,1),(337,'1972-05-12',20,1),(342,'1973-05-02',16,0),(349,'1986-08-28',4,1),(352,'2009-01-10',26,1),(354,'2019-08-15',25,1),(356,'1989-10-10',8,1),(361,'2019-11-06',25,1),(365,'1982-01-01',11,1),(367,'2020-10-28',9,1),(374,'1994-10-06',9,1),(383,'1989-02-05',4,1),(387,'1986-11-29',11,1),(398,'2017-10-31',8,0),(399,'1971-08-28',4,1),(401,'2014-04-09',20,1),(405,'2021-02-04',11,1),(410,'2009-11-10',4,0),(411,'1997-05-19',11,1),(412,'1978-02-26',4,1),(413,'2003-02-09',11,1),(416,'1995-02-11',16,1),(418,'1992-05-16',11,1),(429,'1976-09-16',11,1),(434,'1998-09-03',25,1),(441,'1976-03-24',8,1),(451,'1998-09-21',11,0),(457,'2009-06-19',25,1),(459,'1984-01-08',4,0),(460,'1977-05-10',16,1),(461,'1996-09-01',4,1),(464,'2013-07-20',4,1),(467,'1986-07-09',4,1),(479,'2000-09-17',26,1),(480,'2021-12-30',11,1),(484,'1998-10-28',26,1),(485,'2006-08-02',9,1),(488,'1991-07-21',26,0),(495,'2000-04-09',11,1),(498,'2021-01-11',25,1);
/*!40000 ALTER TABLE `supplies` ENABLE KEYS */;
UNLOCK TABLES;

--
-- Table structure for table `supplies_info`
--

DROP TABLE IF EXISTS `supplies_info`;
/*!40101 SET @saved_cs_client     = @@character_set_client */;
/*!50503 SET character_set_client = utf8mb4 */;
CREATE TABLE `supplies_info` (
  `id` int(11) NOT NULL AUTO_INCREMENT,
  `product_id` int(11) DEFAULT NULL,
  `supply_id` int(11) DEFAULT NULL,
  `quantity` int(10) unsigned DEFAULT NULL,
  PRIMARY KEY (`id`),
  KEY `product_id` (`product_id`),
  KEY `supply_id` (`supply_id`),
  CONSTRAINT `supplies_info_ibfk_1` FOREIGN KEY (`product_id`) REFERENCES `products` (`product_id`),
  CONSTRAINT `supplies_info_ibfk_2` FOREIGN KEY (`supply_id`) REFERENCES `supplies` (`supply_id`) ON DELETE CASCADE
) ENGINE=InnoDB AUTO_INCREMENT=3311 DEFAULT CHARSET=latin1;
/*!40101 SET character_set_client = @saved_cs_client */;

--
-- Dumping data for table `supplies_info`
--

LOCK TABLES `supplies_info` WRITE;
/*!40000 ALTER TABLE `supplies_info` DISABLE KEYS */;
INSERT INTO `supplies_info` VALUES (15,264,1,12),(16,8,1,12),(17,319,1,19),(18,38,1,39),(19,244,1,10),(20,154,2,27),(21,442,2,29),(22,354,2,2),(23,203,2,32),(24,123,2,33),(123,239,16,24),(124,406,16,6),(125,316,16,41),(126,316,16,49),(127,303,16,30),(128,436,16,45),(149,292,19,4),(150,75,19,1),(151,173,19,18),(152,243,19,49),(153,366,19,24),(154,316,19,36),(155,334,19,46),(191,343,28,22),(192,373,28,4),(193,240,28,40),(194,246,28,44),(195,454,28,6),(196,173,28,2),(197,258,29,2),(198,405,29,38),(199,109,29,31),(200,455,30,6),(201,434,30,29),(202,130,30,42),(203,60,30,4),(204,49,30,11),(207,332,32,43),(208,267,32,13),(209,125,32,44),(225,489,36,19),(226,454,36,10),(227,472,36,21),(228,197,36,35),(229,465,36,7),(230,352,36,21),(231,145,36,47),(232,5,36,32),(233,212,36,19),(234,305,37,35),(235,279,37,5),(236,454,37,13),(237,253,37,34),(238,352,37,42),(239,23,38,21),(240,58,38,48),(241,466,38,15),(284,395,46,23),(285,369,46,44),(286,295,46,30),(287,111,46,25),(288,459,46,30),(289,424,46,7),(338,456,52,6),(339,460,52,27),(340,482,52,3),(341,264,52,40),(342,125,52,34),(343,438,52,27),(344,31,52,4),(345,446,52,13),(346,444,52,15),(368,27,55,39),(369,66,55,34),(370,373,55,15),(381,298,59,5),(382,53,59,42),(383,200,59,36),(384,51,59,42),(386,463,59,47),(387,190,59,30),(388,295,59,49),(389,112,59,14),(391,284,59,20),(392,234,59,46),(393,495,59,11),(394,361,59,48),(395,94,59,2),(420,451,64,40),(422,71,64,34),(423,93,64,32),(424,81,64,15),(425,197,64,46),(426,220,64,41),(427,236,64,21),(428,316,64,23),(429,78,64,42),(430,150,64,13),(431,25,64,23),(432,262,64,1),(455,242,67,1),(456,25,67,10),(457,486,67,29),(478,465,71,42),(479,284,71,22),(480,86,71,18),(481,35,71,33),(482,10,71,40),(483,344,71,40),(484,251,72,45),(485,88,72,5),(486,280,72,43),(523,433,78,37),(524,480,78,34),(525,463,78,6),(526,4,78,37),(527,21,78,23),(528,149,78,6),(529,475,78,28),(530,227,78,28),(531,373,78,5),(532,432,78,46),(533,460,78,13),(534,189,78,21),(535,482,78,45),(558,156,82,49),(559,368,82,48),(560,417,82,41),(561,207,82,35),(562,82,82,5),(563,359,82,33),(564,485,82,39),(565,453,82,31),(566,48,82,18),(568,250,82,8),(569,421,82,7),(613,21,86,18),(614,118,86,25),(615,437,86,37),(616,221,86,47),(617,123,86,7),(618,82,87,6),(619,394,87,32),(620,6,87,6),(632,264,90,47),(669,290,97,32),(670,268,97,14),(671,274,97,32),(672,302,97,2),(673,17,97,28),(674,317,97,30),(794,298,117,33),(795,415,117,14),(796,202,117,4),(806,391,121,48),(807,89,121,43),(808,364,121,8),(809,328,122,6),(810,338,122,17),(811,295,122,23),(846,371,128,49),(847,226,128,28),(848,366,128,50),(849,52,128,27),(850,278,128,20),(851,311,128,49),(852,399,128,20),(853,370,128,8),(854,243,128,23),(855,415,129,5),(861,388,131,7),(862,404,131,3),(863,49,131,21),(864,166,131,28),(865,469,131,18),(866,474,131,41),(868,59,131,18),(869,119,131,37),(870,391,131,7),(871,370,131,2),(872,329,131,2),(873,3,131,15),(877,98,133,13),(878,277,133,24),(879,334,133,48),(936,296,142,49),(937,230,142,4),(938,129,142,28),(962,258,148,22),(963,36,148,10),(964,233,148,11),(965,479,148,42),(966,478,148,48),(967,25,148,50),(968,43,148,10),(969,123,148,4),(970,26,148,1),(971,278,148,24),(972,115,148,1),(973,373,148,25),(974,255,148,18),(1006,257,153,18),(1007,299,153,10),(1008,350,153,29),(1168,478,178,9),(1169,207,178,25),(1170,48,178,27),(1171,456,178,28),(1172,471,178,43),(1173,43,178,26),(1175,305,178,46),(1198,405,182,31),(1199,198,182,15),(1200,453,182,20),(1201,441,182,16),(1202,483,182,36),(1203,482,182,12),(1204,332,182,20),(1205,86,182,6),(1206,151,182,50),(1207,225,182,2),(1208,98,182,2),(1209,414,182,47),(1210,424,182,1),(1211,278,182,46),(1212,359,182,1),(1260,355,191,32),(1261,385,191,22),(1262,233,191,1),(1263,55,191,19),(1264,148,191,12),(1265,321,191,31),(1279,102,193,13),(1280,157,193,16),(1281,316,193,8),(1282,179,193,23),(1283,449,193,36),(1284,124,193,20),(1302,102,196,29),(1303,193,196,18),(1304,221,196,1),(1305,193,196,23),(1306,311,196,28),(1307,416,197,24),(1308,369,197,48),(1309,476,197,5),(1310,20,197,36),(1311,8,197,45),(1312,148,197,4),(1313,387,197,4),(1314,313,197,38),(1315,28,197,7),(1316,170,197,19),(1317,12,197,15),(1318,444,197,1),(1319,440,197,15),(1320,19,197,29),(1321,490,197,50),(1364,415,203,11),(1365,170,203,29),(1366,428,203,3),(1367,34,203,44),(1368,3,203,20),(1370,52,203,28),(1372,254,203,26),(1387,433,206,50),(1388,242,206,49),(1389,413,206,28),(1390,7,206,38),(1391,319,206,31),(1392,49,206,47),(1393,410,206,27),(1394,19,206,17),(1395,141,206,46),(1396,41,207,11),(1397,244,207,32),(1398,210,207,12),(1400,249,208,32),(1401,411,208,20),(1403,404,208,36),(1404,269,208,29),(1455,324,218,19),(1459,83,220,36),(1460,264,220,5),(1461,496,220,37),(1476,185,223,39),(1477,343,223,26),(1478,369,223,14),(1490,458,227,40),(1491,211,227,13),(1492,434,227,29),(1493,439,227,32),(1494,424,227,43),(1495,44,227,47),(1522,202,231,35),(1523,333,231,43),(1524,257,231,41),(1525,92,231,39),(1526,491,231,27),(1527,54,231,5),(1528,86,231,47),(1529,358,231,2),(1530,49,231,22),(1531,379,231,40),(1532,327,231,31),(1533,94,231,2),(1534,59,231,9),(1592,65,240,5),(1593,310,240,3),(1594,78,240,49),(1595,161,240,29),(1596,54,240,45),(1639,235,245,4),(1640,164,245,24),(1641,322,245,28),(1642,329,245,30),(1643,405,245,42),(1644,421,245,41),(1645,59,245,33),(1646,297,245,22),(1647,48,245,21),(1675,255,251,25),(1676,134,251,4),(1677,224,251,42),(1681,133,253,40),(1682,277,253,9),(1683,33,253,50),(1684,224,253,24),(1685,149,253,40),(1686,86,254,29),(1687,288,254,30),(1688,89,254,38),(1689,70,254,42),(1690,46,254,9),(1702,329,257,47),(1703,472,257,49),(1704,49,257,36),(1705,359,257,3),(1706,279,257,24),(1707,243,257,9),(1723,157,262,44),(1724,162,262,2),(1725,66,262,13),(1726,298,262,43),(1727,267,262,20),(1764,217,268,48),(1765,201,268,50),(1766,173,268,28),(1773,458,270,32),(1774,20,270,47),(1775,468,270,33),(1776,196,270,20),(1777,161,270,17),(1778,86,270,45),(1779,404,270,17),(1780,477,270,13),(1781,413,270,23),(1782,7,270,23),(1784,127,270,10),(1785,60,270,49),(1786,56,270,18),(1787,99,270,24),(1788,234,271,28),(1832,137,283,26),(1833,31,283,21),(1834,87,283,42),(1835,250,283,2),(1836,109,283,12),(1837,325,283,13),(1838,192,283,34),(1839,189,283,1),(1840,199,283,23),(1841,467,283,36),(1842,58,283,13),(1843,440,283,21),(1844,321,283,42),(1845,420,283,28),(1846,226,283,44),(1853,303,285,5),(1854,174,285,19),(1855,329,285,48),(1856,46,285,18),(1857,484,285,37),(1858,132,285,35),(1859,488,285,6),(1860,63,285,2),(1867,175,288,50),(1868,392,288,29),(1869,263,288,32),(1870,480,288,10),(1871,444,288,24),(1872,339,288,24),(1881,339,290,40),(1882,75,290,28),(1883,390,290,9),(1884,268,290,22),(1885,283,290,45),(1886,91,290,16),(1887,115,290,9),(1888,471,290,16),(1889,459,290,10),(1890,111,291,11),(1936,154,299,16),(1937,66,299,7),(1938,368,299,15),(1939,257,299,40),(1940,173,299,31),(1942,443,299,44),(1943,219,299,34),(1944,465,299,14),(1945,279,300,20),(1946,95,300,32),(1947,364,300,40),(1948,353,301,21),(1949,265,301,44),(1950,214,301,38),(1951,150,301,22),(1952,10,301,27),(1953,466,301,1),(1954,36,301,3),(1955,234,301,43),(1956,463,301,27),(1957,314,301,7),(1958,354,301,29),(1959,398,301,29),(1960,239,301,7),(1993,320,305,10),(1994,308,305,34),(1995,287,305,26),(1996,368,305,44),(1997,83,305,50),(1998,106,305,21),(2004,264,307,45),(2005,476,307,3),(2006,233,307,47),(2007,363,307,44),(2008,311,307,2),(2009,89,307,44),(2075,81,316,31),(2076,32,316,1),(2077,35,316,35),(2078,87,316,2),(2079,234,316,26),(2080,184,316,48),(2081,407,316,44),(2082,115,316,3),(2083,215,317,36),(2084,172,317,8),(2085,370,317,27),(2086,277,317,6),(2087,76,317,49),(2088,297,317,25),(2089,250,317,41),(2090,233,317,13),(2091,300,317,38),(2093,275,317,6),(2094,127,317,1),(2095,100,317,1),(2096,117,317,15),(2097,453,317,9),(2111,70,321,9),(2112,133,321,12),(2113,166,321,23),(2114,429,321,46),(2115,92,321,42),(2206,71,332,25),(2225,238,337,50),(2226,444,337,24),(2227,114,337,48),(2228,480,337,13),(2229,35,337,11),(2230,31,337,1),(2231,168,337,43),(2232,23,337,50),(2253,38,342,49),(2254,81,342,20),(2255,150,342,10),(2256,394,342,18),(2257,315,342,29),(2258,278,342,5),(2292,338,349,37),(2293,327,349,18),(2294,134,349,50),(2295,187,349,46),(2296,117,349,15),(2302,158,352,39),(2312,438,354,3),(2313,496,354,8),(2314,98,354,13),(2315,238,354,41),(2316,156,354,43),(2317,480,354,3),(2318,14,354,29),(2319,464,354,20),(2325,353,356,20),(2326,36,356,33),(2327,1,356,28),(2328,363,356,43),(2329,396,356,50),(2330,91,356,35),(2331,12,356,21),(2332,101,356,10),(2368,341,361,34),(2369,136,361,24),(2370,58,361,26),(2372,216,361,21),(2373,119,361,19),(2395,138,365,45),(2396,194,365,35),(2398,107,365,34),(2399,89,365,12),(2400,473,365,39),(2401,354,365,18),(2402,204,365,47),(2406,414,367,5),(2454,158,374,10),(2455,69,374,26),(2456,25,374,6),(2457,371,374,33),(2458,10,374,44),(2459,372,374,22),(2460,157,374,29),(2461,317,374,16),(2462,157,374,23),(2463,220,374,46),(2465,15,374,4),(2466,277,374,5),(2467,111,374,11),(2468,435,374,45),(2535,176,383,45),(2536,254,383,30),(2537,4,383,21),(2538,174,383,7),(2539,240,383,21),(2540,229,383,50),(2541,71,383,46),(2542,185,383,24),(2543,279,383,19),(2544,183,383,42),(2545,82,383,28),(2546,488,383,40),(2547,236,383,3),(2579,18,387,22),(2580,397,387,41),(2581,283,387,12),(2582,426,387,32),(2583,490,387,13),(2584,217,387,33),(2585,249,387,19),(2586,55,387,30),(2587,415,387,48),(2659,316,398,50),(2660,308,398,28),(2661,482,398,48),(2662,478,399,14),(2663,40,399,46),(2664,272,399,15),(2665,111,399,47),(2666,377,399,41),(2667,408,399,2),(2668,442,399,41),(2669,302,399,19),(2670,382,399,48),(2686,318,401,13),(2687,438,401,4),(2688,87,401,36),(2689,421,401,38),(2690,25,401,15),(2691,378,401,15),(2716,78,405,2),(2717,125,405,40),(2718,387,405,15),(2734,468,410,24),(2735,107,410,31),(2736,473,410,12),(2737,461,410,7),(2738,213,410,27),(2739,234,410,7),(2740,311,410,19),(2741,338,410,29),(2742,364,411,31),(2743,310,411,32),(2744,27,411,7),(2745,112,411,16),(2746,177,411,13),(2747,355,412,21),(2748,123,412,21),(2749,181,412,14),(2750,410,412,17),(2751,265,412,33),(2752,214,412,48),(2753,119,413,7),(2754,276,413,7),(2755,294,413,1),(2768,320,416,19),(2769,138,416,47),(2770,332,416,6),(2771,281,416,11),(2772,454,416,38),(2773,471,416,37),(2787,221,418,38),(2788,234,418,28),(2789,131,418,40),(2790,382,418,34),(2791,5,418,17),(2792,119,418,37),(2793,464,418,42),(2794,329,418,48),(2872,71,429,14),(2873,83,429,15),(2874,32,429,50),(2875,65,429,50),(2876,88,429,11),(2877,103,429,3),(2878,383,429,11),(2879,81,429,38),(2880,129,429,27),(2881,151,429,13),(2882,463,429,20),(2883,216,429,31),(2884,286,429,17),(2885,221,429,20),(2886,427,429,32),(2911,441,434,10),(2912,46,434,26),(2913,253,434,16),(2914,327,434,13),(2915,50,434,11),(2916,317,434,8),(2933,434,441,19),(2934,402,441,8),(2935,149,441,24),(2936,132,441,17),(2937,102,441,6),(2938,243,441,13),(2939,310,441,21),(2940,496,441,42),(2941,297,441,7),(2942,267,441,9),(2943,81,441,12),(2944,291,441,3),(2945,198,441,30),(3024,312,451,22),(3025,166,451,28),(3026,119,451,48),(3027,141,451,32),(3028,226,451,7),(3029,359,451,32),(3030,443,451,34),(3031,285,451,36),(3032,281,451,14),(3033,42,451,31),(3034,133,451,24),(3035,44,451,35),(3036,203,451,32),(3074,332,457,19),(3075,149,457,45),(3076,414,457,3),(3083,4,459,36),(3084,184,459,30),(3085,467,459,2),(3086,406,460,39),(3087,309,460,8),(3088,48,460,49),(3089,469,460,27),(3090,217,460,2),(3092,428,460,10),(3093,476,460,50),(3094,264,460,24),(3095,352,460,1),(3096,476,460,18),(3097,129,460,25),(3098,374,460,21),(3099,204,461,36),(3101,154,461,7),(3104,395,464,12),(3105,234,464,25),(3109,74,467,39),(3110,458,467,49),(3111,456,467,32),(3112,439,467,39),(3113,451,467,2),(3114,493,467,24),(3115,18,467,8),(3116,386,467,2),(3188,1,479,9),(3189,180,479,26),(3190,17,479,31),(3191,233,479,32),(3192,247,479,3),(3193,207,479,18),(3194,5,480,15),(3195,239,480,3),(3196,92,480,28),(3197,417,480,44),(3198,76,480,14),(3213,425,484,13),(3214,110,484,19),(3215,446,484,18),(3216,431,484,31),(3217,143,484,33),(3218,498,484,48),(3219,107,485,20),(3220,357,485,21),(3221,460,485,27),(3236,440,488,32),(3237,163,488,41),(3238,52,488,3),(3285,84,495,33),(3286,329,495,45),(3287,279,495,10),(3288,387,495,14),(3289,444,495,29),(3290,76,495,28),(3291,190,495,46),(3292,265,495,16),(3293,76,495,8),(3294,449,495,37),(3295,282,495,26),(3296,195,495,10),(3297,36,495,24),(3298,332,495,46),(3299,45,495,19),(3306,305,498,25),(3307,290,498,9),(3308,140,498,39),(3309,259,498,22),(3310,74,498,8);
/*!40000 ALTER TABLE `supplies_info` ENABLE KEYS */;
UNLOCK TABLES;

--
-- Table structure for table `wines`
--

DROP TABLE IF EXISTS `wines`;
/*!40101 SET @saved_cs_client     = @@character_set_client */;
/*!50503 SET character_set_client = utf8mb4 */;
CREATE TABLE `wines` (
  `product_id` int(11) NOT NULL,
  `name` varchar(50) DEFAULT NULL,
  `categories` varchar(50) DEFAULT NULL,
  `type` enum('White','Red','Rosé','Sparkling') DEFAULT NULL,
  `abv` float unsigned DEFAULT NULL,
  `capacity` int(10) unsigned DEFAULT NULL,
  `brand` varchar(50) DEFAULT NULL,
  `country` varchar(50) DEFAULT NULL,
  PRIMARY KEY (`product_id`),
  CONSTRAINT `wines_ibfk_1` FOREIGN KEY (`product_id`) REFERENCES `products` (`product_id`) ON DELETE CASCADE
) ENGINE=InnoDB DEFAULT CHARSET=latin1;
/*!40101 SET character_set_client = @saved_cs_client */;

--
-- Dumping data for table `wines`
--

LOCK TABLES `wines` WRITE;
/*!40000 ALTER TABLE `wines` DISABLE KEYS */;
INSERT INTO `wines` VALUES (101,'La Marca Prosecco','Sparkling Wine, Prosecco','Sparkling',11.1,69,'La Marca','Italy'),(102,'Josh Cellars Cabernet Sauvignon','Red Wine, Cabernet Sauvignon','Red',13.6,100,'Josh Cellars','United States'),(103,'Kim Crawford Sauvignon Blanc','White Wine, Sauvignon Blanc','White',17.7,95,'Kim Crawford Wines','New Zealand'),(104,'Meiomi Pinot Noir','Red Wine, Pinot Noir','Red',13.9,93,'Meiomi Wines','United States'),(105,'Bota Box Cabernet Sauvignon','Red Wine, Cabernet Sauvignon','Red',11.1,88,'Bota Box Wines','United States'),(106,'Santa Margherita Pinot Grigio DOC','White Wine, Pinot Grigio','White',18.2,74,'Santa Margherita','Italy'),(107,'Bota Box Pinot Grigio','White Wine, Pinot Grigio','White',15,93,'Bota Box Wines','United States'),(108,'Whispering Angel Rosé','Rosé Wine, Pink Wine','Rosé',15.4,98,'Chateau d\'Esclans','France'),(109,'Decoy California Cabernet Sauvignon','Red Wine, Cabernet Sauvignon','Red',15.6,74,'Decoy Wines','United States'),(110,'Bota Box Sauvignon Blanc','White Wine, Sauvignon Blanc','White',14.7,92,'Bota Box Wines','United States'),(111,'La Crema Sonoma Coast Chardonnay','White Wine, Chardonnay','White',18.3,40,'La Crema Wines','United States'),(112,'La Crema Sonoma Coast Pinot Noir','Red Wine, Pinot Noir','Red',14.8,33,'La Crema Wines','United States'),(113,'Josh Cellars Pinot Noir','Red Wine, Pinot Noir','Red',11.5,53,'Josh Cellars','United States'),(114,'Whitehaven Sauvignon Blanc','White Wine, Sauvignon Blanc','White',11.5,91,'Whitehaven','New Zealand'),(116,'Bota Box Chardonnay','White Wine, Chardonnay','White',16.1,79,'Bota Box Wines','United States'),(117,'Bota Box Malbec','Red Wine, Malbec','Red',14.3,15,'Bota Box Wines','Argentina'),(118,'Bota Box Pinot Noir','Red Wine, Pinot Noir','Red',15.9,64,'Bota Box Wines','Chile'),(119,'Black Box Chardonnay','White Wine, Chardonnay','White',16.8,48,'Black Box Wines','United States'),(120,'Zaccagnini Montepulciano','Red Wine, Montepulciano','Red',12.4,85,'Zaccagnini','Italy'),(122,'Bota Box RedVolution','Red Wine, Red Blend','Red',12.7,27,'Bota Box Wines','United States'),(123,'Chateau Ste. Michelle Cabernet Sauvignon','Red Wine, Cabernet Sauvignon','Red',17.1,45,'Chateau Ste. Michelle','United States'),(124,'Butter Chardonnay','White Wine, Chardonnay','White',11.1,24,'JaM Cellars','United States'),(125,'Freakshow Cabernet Sauvignon','Red Wine, Cabernet Sauvignon','Red',19.6,16,'Michael David','United States'),(126,'Franzia® Chardonnay White Wine','White Wine, Chardonnay','White',18.7,80,'Franzia','United States'),(127,'Erath Pinot Noir','Red Wine, Pinot Noir','Red',19.3,72,'Erath','United States'),(129,'JUSTIN Cabernet Sauvignon','Red Wine, Cabernet Sauvignon','Red',11.7,79,'Justin Winery','United States'),(131,'Cloudy Bay Sauvignon Blanc','White Wine, Sauvignon Blanc','White',19.5,41,'Cloudy Bay','New Zealand'),(132,'Joel Gott 815 Cabernet Sauvignon','Red Wine, Cabernet Sauvignon','Red',13,34,'Joel Gott','United States'),(133,'Black Box Pinot Noir','Red Wine, Pinot Noir','Red',17.3,17,'Black Box Wines','United States'),(134,'Black Box Pinot Grigio','White Wine, Pinot Grigio','White',15.1,17,'Black Box Wines','United States'),(135,'Educated Guess Napa Valley Cabernet Sauvignon','Red Wine, Cabernet Sauvignon','Red',17.5,87,'Educated Guess','United States'),(136,'Decoy California Pinot Noir','Red Wine, Pinot Noir','Red',15.8,95,'Decoy Wines','United States'),(137,'The Prisoner Red Blend','Red Wine, Red Blend','Red',11.4,45,'The Prisoner Wine Company','United States'),(138,'Francis Coppola Diamond Collection Claret','Red Wine, Bordeaux Blend','Red',19.3,37,'Francis Ford Coppola','United States'),(139,'Chandon Rosé Sparkling','Sparkling Wine, Sparkling Rosé Wine','Sparkling',10.2,71,'Domaine Chandon','United States'),(140,'La Crema Monterey Pinot Noir','Red Wine, Pinot Noir','Red',14.9,54,'La Crema Wines','United States'),(141,'Bota Box Nighthawk Buttery Chardonnay','White Wine, Chardonnay','White',10,62,'Bota Box Wines','United States'),(143,'Franzia® Sunset Blush Pink Wine','Rosé Wine, Pink Wine','Rosé',15.2,62,'Franzia','United States'),(144,'Chandon Brut Sparkling','Sparkling Wine, American Sparkling Wine','Sparkling',18.2,89,'Domaine Chandon','United States'),(145,'Juggernaut Hillside Cabernet Sauvignon','Red Wine, Cabernet Sauvignon','Red',13.6,48,'Juggernaut Wine','United States'),(146,'Josh Cellars Merlot','Red Wine, Merlot','Red',14.4,33,'Josh Cellars','United States'),(147,'Bota Box Nighthawk Bold Cabernet Sauvignon','Red Wine, Cabernet Sauvignon','Red',10.4,30,'Bota Box Wines','United States'),(148,'SIMI Sonoma County Cabernet Sauvignon','Red Wine, Cabernet Sauvignon','Red',10.6,30,'SIMI','United States'),(150,'A to Z Pinot Noir','Red Wine, Pinot Noir','Red',18.8,11,'A to Z','United States'),(151,'Barefoot On Tap Pinot Grigio','White Wine, Pinot Grigio','White',16.8,64,'Barefoot','United States'),(152,'Miraval Provence Rosé','Rosé Wine, Pink Wine','Rosé',17.8,32,'Miraval','France'),(154,'SIMI Sonoma County Chardonnay','White Wine, Chardonnay','White',15.2,12,'SIMI','United States'),(155,'Black Box Sauvignon Blanc','White Wine, Sauvignon Blanc','White',12.3,45,'Black Box Wines','United States'),(156,'Rombauer Carneros Chardonnay','White Wine, Chardonnay','White',15.7,86,'Rombauer','United States'),(157,'Franzia® Cabernet Sauvignon Red Wine','Red Wine, Cabernet Sauvignon','Red',12.3,51,'Franzia','United States'),(160,'Sonoma-Cutrer Sonoma Coast Chardonnay White Wine','White Wine, Chardonnay','White',11,96,'Sonoma-Cutrer Winery','United States'),(161,'The Palm by Whispering Angel Rosé','Rosé Wine, Cinsault','Rosé',19.6,91,'Chateau d\'Esclans','France'),(162,'Ruffino Riserva Ducale Chianti Classico','Red Wine, Chianti Blend','Red',13.9,57,'Ruffino','Italy'),(163,'Black Box Merlot','Red Wine, Merlot','Red',12.4,32,'Black Box Wines','United States'),(164,'Conundrum Red Blend','Red Wine, Red Blend','Red',12.2,20,'Conundrum','United States'),(165,'Unshackled Cabernet Sauvignon by Prisoner','Red Wine, Cabernet Sauvignon','Red',18.7,18,'Unshackled','United States'),(166,'Bota Box Nighthawk Vibrant Sauvignon Blanc','White Wine, Sauvignon Blanc','White',10.9,61,'Bota Box Wines','United States'),(167,'Luc Belaire Rare Rose','Rosé Wine, Pink Wine','Rosé',17.8,9,'Luc Belaire','France'),(168,'Black Box Malbec','Red Wine, Malbec','Red',14.7,60,'Black Box Wines','Argentina'),(170,'Mumm Napa Brut Rosé Sparkling Wine','Rosé Wine, Pink Wine','Rosé',16.5,57,'Mumm Napa','United States'),(172,'Early Mountain Foothills Red','Red Wine, Red Blend','Red',14.7,79,'Early Mountain Vineyards','United States'),(173,'J Vineyards & Winery Pinot Noir','Red Wine, Pinot Noir','Red',13.9,81,'J Vineyards','United States'),(174,'La Crema Monterey Chardonnay','White Wine, Chardonnay','White',16.2,5,'La Crema Wines','United States'),(175,'Franzia® Crisp White White Wine','White Wine, White Blend','White',16.7,38,'Franzia','United States'),(177,'Wolffer Estate Summer In A Bottle Rosé','Rosé Wine, Pink Wine','Rosé',19,16,'Wolffer Estate','United States'),(178,'Decoy Sonoma County Sauvignon Blanc','White Wine, Sauvignon Blanc','White',13.5,89,'Decoy Wines','United States'),(179,'Bota Box Merlot','Red Wine, Merlot','Red',11.7,16,'Bota Box Wines','United States'),(180,'Finca Wolffer Rosé Wine','Rosé Wine, Pink Wine','Rosé',12.9,83,'Wolffer Estate','Argentina'),(181,'Franzia® Merlot Red Wine','Red Wine, Merlot','Red',16.2,69,'Franzia','United States'),(182,'Antigal Uno Malbec','Red Wine, Malbec','Red',17.7,52,'Antigal','Argentina'),(183,'White Hall Viognier','White Wine, White Blend','White',17.4,19,'White Hall Vineyards','United States'),(184,'Luc Belaire Rare Luxe','Sparkling Wine, Other Sparkling Wine','Sparkling',19.4,89,'Luc Belaire','France'),(185,'INTRINSIC Cabernet Sauvignon','Red Wine, Cabernet Sauvignon','Red',18.4,93,'Intrinsic Wine Co.','United States'),(187,'Risata Moscato d’Asti','White Wine, Moscato','White',12.1,92,'Risata','Italy'),(188,'Franzia® Moscato White Wine','White Wine, Moscato','White',17,51,'Franzia','United States'),(189,'Fleur de Mer Rosé','Rosé Wine, Pink Wine','Rosé',19.1,37,'Fleur De Mer','France'),(190,'Barefoot On Tap Rosé','Rosé Wine, Pink Wine','Rosé',12.6,42,'Barefoot','United States'),(191,'Barefoot On Tap Chardonnay','White Wine, Chardonnay','White',17.8,60,'Barefoot','United States'),(192,'Fleurs De Prairie Rosé','Rosé Wine, Pink Wine','Rosé',15.4,63,'Fleurs De Prairie','France'),(193,'Lovingston Rotunda Red','Red Wine, Red Blend','Red',11,53,'Lovingston WInery','United States'),(194,'Francis Coppola Diamond Collection Pinot Noir','Red Wine, Pinot Noir','Red',13.3,92,'Francis Ford Coppola','United States'),(195,'Louis M. Martini Sonoma County Cabernet Sauvignon','Red Wine, Cabernet Sauvignon','Red',14.1,35,'Louis M. Martini','United States'),(196,'Decoy Sonoma County Chardonnay','White Wine, Chardonnay','White',19.4,95,'Decoy Wines','United States'),(197,'Substance ‘Cs’ Columbia Valley Cabernet Sauvignon','Red Wine, Cabernet Sauvignon','Red',12.1,36,'Substance','United States'),(198,'Francis Coppola Diamond Collection Merlot','Red Wine, Merlot','Red',10.7,69,'Francis Ford Coppola','United States'),(199,'Terrazas de los Andes Reserva Malbec','Red Wine, Malbec','Red',18,32,'Terrazas de los Andes','Argentina'),(200,'Gruet Brut','Sparkling Wine, American Sparkling Wine','Sparkling',11.7,58,'Gruet','United States');
/*!40000 ALTER TABLE `wines` ENABLE KEYS */;
UNLOCK TABLES;
/*!40103 SET TIME_ZONE=@OLD_TIME_ZONE */;

/*!40101 SET SQL_MODE=@OLD_SQL_MODE */;
/*!40014 SET FOREIGN_KEY_CHECKS=@OLD_FOREIGN_KEY_CHECKS */;
/*!40014 SET UNIQUE_CHECKS=@OLD_UNIQUE_CHECKS */;
/*!40101 SET CHARACTER_SET_CLIENT=@OLD_CHARACTER_SET_CLIENT */;
/*!40101 SET CHARACTER_SET_RESULTS=@OLD_CHARACTER_SET_RESULTS */;
/*!40101 SET COLLATION_CONNECTION=@OLD_COLLATION_CONNECTION */;
/*!40111 SET SQL_NOTES=@OLD_SQL_NOTES */;

-- Dump completed on 2023-01-16 15:35:24
