id,product_id,supply_id,quantity
0,485,0,20
1,25,0,4
2,33,0,37
3,305,0,36
4,424,0,50
5,209,0,44
6,34,1,40
7,278,1,23
8,243,1,43
9,498,1,11
10,261,1,13
11,190,2,20
12,119,2,22
13,137,3,37
14,389,3,19
15,452,3,45
16,469,3,3
17,325,3,22
18,456,3,2
19,101,3,22
20,253,3,28
21,68,3,10
22,355,3,23
23,84,3,27
24,8,3,17
25,264,3,32
26,184,4,44
27,316,4,30
28,348,4,46
29,452,5,8
30,295,5,29
31,457,5,8
32,199,6,27
33,360,6,3
34,56,6,40
35,138,6,17
36,145,6,20
37,298,6,34
38,122,6,4
39,431,6,19
40,438,7,3
41,464,7,25
42,493,7,43
43,10,8,43
44,319,8,27
45,31,8,17
46,249,9,21
47,8,9,24
48,156,9,21
49,456,10,5
50,197,10,19
51,2,10,16
52,105,10,39
53,498,10,24
54,132,10,16
55,328,10,19
56,497,10,42
57,476,11,50
58,487,11,34
59,160,11,48
60,16,11,30
61,223,11,40
62,2,11,12
63,243,11,49
64,31,11,9
65,65,11,33
66,351,12,1
67,43,12,17
68,70,12,4
69,163,12,11
70,23,12,22
71,136,12,20
72,250,12,36
73,312,12,36
74,195,12,50
75,57,12,45
76,355,12,45
77,117,12,31
78,34,12,12
79,92,12,12
80,445,12,39
81,70,13,28
82,78,13,17
83,300,13,25
84,73,13,46
85,107,13,33
86,10,13,6
87,457,14,19
88,83,14,5
89,105,14,5
90,361,15,4
91,354,15,32
92,462,15,43
93,270,16,6
94,281,16,28
95,281,16,20
96,162,17,25
97,351,17,28
98,158,17,13
99,81,17,28
100,128,17,49
101,411,17,37
102,303,17,36
103,397,17,49
104,360,18,29
105,357,18,21
106,380,18,32
107,349,19,25
108,216,19,13
109,444,19,9
110,298,19,38
111,228,19,12
112,453,19,20
113,303,19,5
114,477,19,22
115,162,19,49
116,105,19,23
117,218,19,5
118,498,19,17
119,201,19,14
120,348,19,38
121,435,19,36
122,248,20,37
123,290,20,45
124,97,20,39
125,474,20,20
126,48,20,30
127,415,20,27
128,143,20,5
129,83,20,3
130,11,20,36
131,362,20,5
132,327,20,33
133,410,20,44
134,213,20,10
135,369,21,36
136,410,21,28
137,33,21,33
138,92,21,25
139,103,21,22
140,254,21,35
141,492,22,21
142,25,23,31
143,489,23,6
144,173,23,3
145,121,23,34
146,213,23,19
147,121,24,44
148,284,24,17
149,207,24,19
150,48,24,35
151,352,24,16
152,119,24,22
153,198,24,22
154,435,24,25
155,55,24,13
156,480,25,5
157,89,25,38
158,238,25,47
159,346,26,38
160,299,26,34
161,12,26,29
162,484,26,47
163,170,26,42
164,308,26,26
165,210,26,35
166,408,26,48
167,40,26,9
168,96,27,50
169,422,28,41
170,2,29,35
171,336,29,44
172,141,29,43
173,28,30,44
174,265,30,31
175,15,30,37
176,266,31,26
177,242,31,4
178,214,31,2
179,482,32,50
180,352,32,6
181,417,32,18
182,383,33,13
183,238,33,34
184,466,33,42
185,63,33,29
186,177,33,23
187,97,33,22
188,16,34,32
189,480,35,21
190,284,35,10
191,216,35,33
192,159,35,27
193,437,35,12
194,74,35,7
195,82,35,14
196,304,35,5
197,401,36,44
198,308,36,2
199,301,36,29
200,297,37,22
201,357,37,37
202,42,37,18
203,84,37,10
204,332,37,22
205,423,37,15
206,495,38,30
207,36,38,4
208,270,38,39
209,257,39,46
210,107,39,38
211,45,39,5
212,443,39,35
213,235,39,10
214,60,39,17
215,497,39,36
216,119,39,45
217,42,40,50
218,243,40,4
219,69,40,31
220,124,40,4
221,244,40,38
222,3,41,15
223,351,41,26
224,327,41,24
225,248,42,13
226,355,42,18
227,31,42,12
228,36,42,10
229,441,42,36
230,277,42,25
231,219,42,15
232,427,42,30
233,497,43,29
234,238,43,23
235,179,43,41
236,112,43,15
237,449,43,46
238,455,43,6
239,256,43,37
240,410,43,2
241,311,43,36
242,481,43,26
243,372,43,13
244,306,43,39
245,494,43,5
246,284,43,13
247,76,43,11
248,232,44,16
249,167,44,40
250,20,44,25
251,65,45,9
252,39,45,38
253,294,45,36
254,448,45,38
255,82,45,22
256,470,45,10
257,84,45,16
258,110,45,39
259,267,45,49
260,75,45,21
261,290,45,25
262,149,45,49
263,492,45,36
264,86,46,36
265,18,46,37
266,385,46,46
267,76,47,16
268,165,47,34
269,476,47,19
270,177,47,6
271,435,47,10
272,244,48,26
273,483,48,26
274,345,48,2
275,36,49,34
276,289,49,19
277,49,49,22
278,47,49,33
279,11,49,13
280,312,49,10
281,110,49,23
282,375,49,34
283,44,49,31
284,285,50,14
285,157,50,6
286,458,50,44
287,324,50,18
288,211,50,10
289,372,50,40
290,300,51,4
291,275,51,3
292,238,51,44
293,269,51,2
294,185,51,4
295,268,51,23
296,138,51,33
297,239,51,49
298,298,51,37
299,274,51,37
300,89,51,24
301,333,51,14
302,167,51,6
303,275,51,35
304,401,51,40
305,453,52,6
306,268,52,30
307,469,52,40
308,366,53,1
309,14,53,8
310,268,53,8
311,365,53,18
312,143,53,44
313,60,53,37
314,471,53,27
315,281,53,19
316,103,53,28
317,369,53,17
318,155,53,46
319,287,53,45
320,407,53,3
321,432,53,32
322,292,53,46
323,280,54,3
324,45,54,15
325,177,54,29
326,97,54,4
327,446,54,25
328,313,54,33
329,24,55,29
330,412,55,1
331,429,55,17
332,392,55,36
333,378,55,14
334,319,56,29
335,316,56,3
336,456,56,5
337,391,56,6
338,45,56,37
339,398,56,23
340,273,56,9
341,202,56,13
342,129,57,42
343,275,57,18
344,6,57,30
345,170,57,37
346,416,57,38
347,219,57,16
348,132,57,33
349,246,57,21
350,59,57,17
351,154,57,2
352,155,57,5
353,335,57,15
354,385,57,10
355,361,57,32
356,476,57,28
357,385,58,1
358,142,58,22
359,290,58,20
360,436,58,15
361,35,58,31
362,475,58,12
363,142,59,50
364,321,59,39
365,72,59,32
366,223,59,36
367,301,59,28
368,305,59,9
369,413,59,21
370,420,59,20
371,198,60,29
372,208,60,5
373,236,60,23
374,441,60,13
375,435,60,45
376,378,60,10
377,73,60,43
378,15,60,3
379,435,60,36
380,53,60,38
381,195,60,31
382,32,60,17
383,94,60,44
384,421,60,14
385,107,60,44
386,231,61,24
387,19,61,45
388,454,61,22
389,21,61,10
390,338,61,8
391,76,61,24
392,7,61,10
393,308,61,3
394,43,61,43
395,89,61,25
396,225,61,33
397,156,61,3
398,255,61,7
399,499,61,13
400,390,61,28
401,343,62,2
402,495,62,33
403,416,62,43
404,427,62,15
405,163,62,45
406,184,62,42
407,405,63,23
408,55,63,38
409,481,63,11
410,11,63,26
411,422,63,20
412,260,63,4
413,432,64,10
414,475,64,10
415,341,64,14
416,139,64,46
417,66,64,28
418,491,64,12
419,226,64,19
420,455,64,42
421,321,64,35
422,39,65,16
423,52,65,48
424,67,65,34
425,321,65,9
426,327,65,4
427,370,65,38
428,87,65,26
429,488,65,28
430,70,66,41
431,253,66,37
432,114,66,49
433,60,67,46
434,410,67,43
435,147,67,13
436,469,67,16
437,46,67,29
438,395,67,47
439,428,67,9
440,384,67,21
441,444,67,28
442,462,67,27
443,333,67,30
444,174,67,50
445,220,67,20
446,384,68,19
447,463,68,2
448,58,68,13
449,116,69,48
450,140,69,48
451,191,69,30
452,377,70,15
453,304,70,12
454,156,70,13
455,376,71,22
456,365,71,45
457,291,71,20
458,476,71,11
459,33,71,27
460,334,72,17
461,314,72,18
462,491,72,46
463,129,72,24
464,367,72,15
465,391,72,2
466,357,72,4
467,175,72,43
468,333,73,38
469,100,73,43
470,160,73,14
471,132,73,4
472,497,73,19
473,330,73,23
474,176,74,12
475,491,74,42
476,223,74,12
477,115,75,40
478,356,75,32
479,144,76,21
480,179,76,6
481,289,76,45
482,300,76,14
483,72,76,48
484,377,76,24
485,126,76,19
486,241,76,9
487,338,77,37
488,258,77,40
489,175,77,29
490,363,78,4
491,4,78,19
492,424,78,13
493,13,78,43
494,74,78,38
495,493,78,31
496,3,78,28
497,189,78,22
498,66,78,36
499,444,79,5
500,100,79,18
501,260,79,50
502,158,80,29
503,412,80,3
504,6,80,44
505,291,81,11
506,99,81,41
507,42,81,16
508,116,81,17
509,297,81,2
510,38,81,44
511,118,81,24
512,426,81,18
513,359,82,32
514,165,82,1
515,416,82,16
516,307,82,38
517,488,82,50
518,411,82,49
519,60,82,7
520,269,82,22
521,16,82,24
522,262,82,44
523,335,82,27
524,326,82,6
525,207,82,34
526,408,82,6
527,413,82,45
528,335,83,22
529,275,83,35
530,108,83,38
531,177,83,44
532,332,83,33
533,86,83,4
534,194,83,17
535,25,83,21
536,389,83,39
537,368,84,49
538,474,84,45
539,79,84,49
540,79,84,6
541,227,84,15
542,421,84,39
543,161,84,4
544,103,84,4
545,311,84,28
546,2,84,35
547,412,84,14
548,371,84,15
549,109,84,16
550,460,84,35
551,127,84,22
552,236,85,14
553,293,85,50
554,44,85,12
555,493,86,10
556,113,86,35
557,210,86,43
558,399,87,6
559,110,87,11
560,138,87,21
561,256,87,39
562,191,87,34
563,344,87,8
564,264,87,33
565,8,87,41
566,405,87,43
567,297,87,50
568,377,87,9
569,122,87,10
570,35,87,14
571,360,87,49
572,450,87,28
573,485,88,29
574,248,89,8
575,474,89,46
576,497,89,12
577,238,89,31
578,253,89,4
579,191,89,28
580,317,89,17
581,236,89,49
582,320,89,18
583,478,90,29
584,496,90,13
585,471,90,33
586,495,90,5
587,79,90,28
588,433,90,14
589,170,90,25
590,32,90,42
591,364,90,23
592,195,90,48
593,334,90,4
594,418,90,19
595,168,90,34
596,267,90,33
597,268,90,32
598,421,91,18
599,496,91,17
600,355,91,26
601,204,91,40
602,259,91,49
603,129,91,33
604,325,91,45
605,491,91,48
606,70,92,37
607,206,92,40
608,461,92,44
609,79,92,20
610,464,92,36
611,183,92,12
612,295,92,5
613,87,92,17
614,154,92,5
615,383,92,27
616,149,92,10
617,18,92,12
618,170,92,5
619,398,92,12
620,2,92,13
621,157,93,44
622,292,94,44
623,1,94,14
624,275,94,13
625,154,94,27
626,471,94,22
627,262,94,5
628,349,95,44
629,134,95,11
630,148,95,4
631,469,96,7
632,63,96,16
633,449,96,33
634,59,96,36
635,69,96,18
636,165,96,5
637,283,97,1
638,22,98,43
639,142,98,17
640,68,98,48
641,202,98,31
642,52,98,4
643,463,98,5
644,296,98,8
645,141,98,31
646,15,98,30
647,338,98,23
648,254,98,2
649,3,98,13
650,276,98,48
651,52,98,46
652,265,98,17
653,352,99,44
654,91,99,40
655,359,99,15
656,399,99,16
657,401,99,18
658,160,99,43
659,364,100,36
660,158,100,46
661,351,100,18
662,248,100,20
663,495,100,40
664,381,100,45
665,171,100,43
666,348,100,12
667,307,101,8
668,425,101,2
669,213,101,42
670,56,101,9
671,194,101,24
672,89,102,12
673,40,102,6
674,363,102,19
675,245,103,27
676,340,103,42
677,149,103,36
678,336,104,9
679,413,104,37
680,138,104,1
681,32,104,11
682,318,104,22
683,164,104,43
684,278,105,43
685,212,105,45
686,290,106,7
687,376,106,44
688,261,106,39
689,60,106,39
690,4,106,20
691,84,106,8
692,201,106,46
693,496,106,33
694,107,107,45
695,437,107,49
696,256,107,32
697,76,108,46
698,442,108,23
699,251,108,13
700,161,108,30
701,256,108,13
702,330,108,30
703,27,109,24
704,420,109,32
705,430,109,9
706,349,110,1
707,237,110,19
708,272,110,4
709,207,111,45
710,190,111,36
711,496,111,49
712,81,111,15
713,267,111,2
714,330,111,14
715,205,111,38
716,327,111,34
717,483,112,30
718,42,112,20
719,31,112,36
720,480,112,43
721,145,112,3
722,109,112,27
723,51,112,47
724,366,112,23
725,284,112,48
726,178,113,29
727,236,113,49
728,273,113,32
729,73,113,22
730,210,113,48
731,295,113,46
732,433,114,11
733,107,114,2
734,473,114,48
735,22,114,30
736,125,114,46
737,192,114,44
738,497,114,18
739,285,114,30
740,10,114,10
741,57,115,48
742,31,115,20
743,115,115,30
744,271,115,12
745,292,115,6
746,283,115,42
747,242,116,17
748,123,116,8
749,110,116,8
750,319,117,23
751,177,118,49
752,202,118,39
753,245,118,17
754,413,119,11
755,119,119,47
756,457,119,21
757,201,119,30
758,54,119,42
759,497,119,38
760,96,120,39
761,453,120,12
762,248,120,6
763,453,120,25
764,402,120,35
765,149,120,10
766,333,120,17
767,469,120,17
768,320,120,5
769,404,120,29
770,301,120,17
771,488,120,45
772,474,120,24
773,393,121,29
774,38,121,27
775,39,121,35
776,257,121,41
777,263,121,13
778,279,121,40
779,296,122,11
780,284,122,29
781,417,122,42
782,137,122,24
783,381,122,29
784,102,122,47
785,411,122,7
786,105,122,19
787,73,122,31
788,378,122,4
789,405,122,14
790,464,122,35
791,433,122,22
792,436,123,6
793,49,123,21
794,333,123,27
795,27,123,28
796,170,123,14
797,264,123,8
798,471,123,18
799,288,123,21
800,127,124,40
801,408,124,32
802,282,124,14
803,480,124,24
804,375,124,21
805,258,124,24
806,402,124,40
807,493,124,24
808,443,125,21
809,472,125,5
810,55,126,18
811,354,126,12
812,201,126,33
813,135,126,15
814,252,126,47
815,486,126,28
816,67,126,36
817,350,126,22
818,105,126,7
819,428,126,3
820,342,126,12
821,159,126,27
822,471,126,6
823,101,126,17
824,273,126,42
825,445,127,1
826,458,127,17
827,235,127,6
828,37,127,44
829,431,127,44
830,156,127,50
831,376,128,16
832,454,128,34
833,228,128,19
834,465,128,40
835,3,128,39
836,42,128,5
837,19,129,27
838,61,129,44
839,265,129,8
840,45,129,18
841,59,129,4
842,308,129,9
843,148,130,27
844,438,130,42
845,448,130,7
846,200,130,20
847,28,130,34
848,340,131,30
849,54,131,13
850,10,131,18
851,381,131,24
852,8,131,27
853,171,131,25
854,344,131,48
855,473,131,42
856,51,131,9
857,462,131,11
858,102,131,5
859,3,131,42
860,327,131,25
861,80,131,11
862,35,131,32
863,407,132,34
864,110,132,42
865,282,132,37
866,66,132,38
867,232,132,30
868,422,133,10
869,243,133,21
870,110,133,35
871,306,133,39
872,266,133,28
873,203,133,43
874,314,134,20
875,495,134,24
876,353,134,24
877,338,135,5
878,438,135,30
879,448,135,1
880,157,135,29
881,342,135,43
882,46,135,41
883,424,135,4
884,5,135,1
885,45,135,13
886,40,136,28
887,338,136,42
888,121,136,2
889,284,136,30
890,53,136,39
891,10,136,40
892,192,137,17
893,61,137,48
894,471,138,6
895,20,138,32
896,167,138,14
897,133,138,38
898,359,138,48
899,185,139,12
900,215,139,23
901,323,139,31
902,428,139,48
903,400,139,5
904,25,139,22
905,419,140,26
906,13,140,44
907,330,140,48
908,282,140,36
909,98,140,45
910,49,141,36
911,129,141,31
912,472,141,30
913,390,141,9
914,58,141,41
915,459,141,27
916,310,141,1
917,233,141,17
918,52,142,26
919,172,142,23
920,441,142,24
921,44,142,24
922,476,142,16
923,240,142,15
924,347,143,3
925,219,143,12
926,388,143,45
927,187,144,46
928,346,144,23
929,332,144,7
930,323,144,13
931,173,144,1
932,59,144,43
933,98,144,42
934,100,144,13
935,204,145,21
936,380,145,23
937,400,145,25
938,391,146,36
939,111,146,27
940,110,146,49
941,273,146,29
942,150,146,21
943,303,146,36
944,279,146,44
945,439,146,35
946,480,146,9
947,247,146,34
948,326,146,2
949,267,146,4
950,212,146,46
951,236,147,26
952,140,147,6
953,393,147,5
954,340,147,10
955,495,147,35
956,436,147,19
957,238,148,2
958,157,148,26
959,359,148,6
960,58,148,27
961,494,148,25
962,171,148,45
963,47,148,8
964,208,148,37
965,474,148,10
966,366,148,25
967,244,148,33
968,104,148,36
969,28,148,37
970,394,148,20
971,112,148,2
972,392,149,37
973,12,149,5
974,13,149,8
975,129,149,3
976,250,149,11
977,491,150,15
978,122,150,46
979,186,150,3
980,110,150,14
981,283,150,36
982,436,150,40
983,22,150,26
984,5,150,4
985,192,151,16
986,419,151,10
987,167,151,32
988,267,151,30
989,128,151,41
990,404,151,46
991,288,151,49
992,457,151,17
993,169,151,12
994,468,151,6
995,480,151,48
996,333,151,21
997,263,151,17
998,51,151,6
999,40,151,19
1000,330,152,5
1001,109,152,39
1002,106,152,39
1003,170,152,21
1004,369,152,16
1005,43,152,16
1006,56,152,1
1007,280,152,25
1008,411,152,11
1009,261,152,20
1010,19,152,50
1011,443,152,41
1012,214,152,15
1013,333,152,23
1014,159,152,15
1015,427,153,38
1016,18,153,24
1017,258,153,41
1018,429,153,48
1019,51,153,43
1020,256,153,23
1021,409,153,1
1022,189,153,29
1023,202,153,46
1024,116,154,46
1025,468,154,14
1026,497,154,1
1027,278,154,36
1028,27,154,14
1029,433,154,18
1030,299,154,34
1031,70,154,34
1032,403,154,11
1033,394,155,30
1034,332,155,48
1035,162,155,43
1036,433,155,3
1037,292,155,11
1038,459,155,11
1039,369,155,11
1040,463,155,29
1041,82,156,15
1042,380,156,11
1043,220,156,31
1044,113,157,8
1045,163,157,12
1046,421,157,10
1047,151,158,14
1048,243,159,26
1049,183,159,20
1050,427,159,8
1051,446,159,8
1052,220,159,31
1053,483,159,8
1054,436,159,10
1055,134,159,10
1056,102,160,25
1057,248,160,50
1058,247,160,42
1059,5,160,24
1060,174,160,5
1061,366,160,32
1062,8,160,28
1063,473,160,49
1064,119,160,25
1065,162,160,26
1066,253,160,38
1067,300,160,27
1068,253,160,29
1069,474,161,23
1070,101,161,23
1071,357,161,9
1072,320,162,42
1073,76,162,17
1074,212,162,39
1075,282,162,20
1076,5,162,14
1077,448,162,23
1078,108,163,43
1079,420,163,35
1080,434,163,23
1081,450,163,29
1082,464,163,43
1083,221,163,48
1084,400,163,24
1085,391,163,44
1086,266,163,26
1087,461,164,41
1088,425,164,2
1089,43,164,26
1090,93,164,3
1091,335,164,4
1092,52,164,5
1093,459,164,50
1094,173,164,16
1095,367,165,40
1096,440,166,32
1097,287,166,32
1098,141,166,47
1099,94,166,37
1100,390,166,3
1101,355,166,4
1102,398,167,14
1103,37,167,27
1104,212,167,23
1105,457,167,15
1106,281,167,9
1107,429,167,17
1108,234,167,23
1109,203,167,24
1110,272,167,6
1111,17,167,49
1112,118,167,16
1113,39,167,33
1114,398,167,27
1115,426,168,29
1116,121,168,36
1117,127,168,3
1118,133,168,34
1119,446,168,1
1120,100,168,1
1121,229,169,18
1122,495,169,5
1123,40,169,43
1124,323,169,7
1125,71,169,19
1126,446,169,41
1127,131,169,35
1128,451,169,48
1129,400,169,8
1130,219,169,46
1131,137,169,49
1132,441,169,24
1133,398,169,33
1134,21,170,38
1135,197,170,29
1136,49,170,7
1137,315,170,48
1138,53,170,44
1139,61,171,47
1140,2,171,38
1141,403,171,36
1142,24,171,35
1143,160,171,45
1144,383,171,26
1145,55,171,3
1146,97,171,26
1147,448,172,45
1148,378,172,21
1149,295,172,37
1150,395,172,9
1151,50,172,5
1152,381,172,44
1153,249,172,28
1154,486,172,44
1155,250,172,31
1156,453,172,19
1157,170,172,7
1158,366,172,17
1159,420,172,49
1160,152,173,46
1161,293,173,19
1162,373,173,1
1163,344,173,12
1164,48,173,49
1165,135,173,19
1166,170,174,28
1167,426,174,34
1168,80,174,21
1169,497,174,9
1170,462,174,49
1171,244,174,26
1172,257,174,40
1173,154,174,4
1174,85,174,47
1175,116,174,14
1176,478,174,18
1177,73,174,38
1178,172,174,45
1179,287,174,14
1180,303,174,21
1181,101,175,20
1182,494,175,29
1183,128,175,16
1184,159,176,8
1185,212,176,13
1186,258,176,9
1187,176,176,13
1188,58,176,16
1189,184,176,8
1190,291,176,30
1191,244,176,8
1192,492,177,1
1193,384,177,40
1194,17,177,30
1195,477,178,31
1196,423,178,49
1197,28,178,21
1198,197,178,1
1199,352,178,41
1200,50,178,40
1201,427,179,26
1202,23,179,21
1203,226,180,25
1204,371,180,7
1205,245,180,20
1206,21,180,13
1207,353,180,39
1208,136,180,2
1209,30,180,26
1210,388,180,45
1211,8,180,9
1212,407,181,46
1213,21,181,32
1214,426,181,43
1215,158,181,4
1216,37,181,43
1217,197,181,2
1218,334,181,13
1219,443,181,3
1220,284,181,27
1221,172,181,33
1222,165,181,40
1223,353,181,19
1224,324,181,9
1225,194,182,2
1226,322,182,29
1227,314,183,4
1228,19,183,10
1229,106,183,8
1230,196,183,50
1231,191,183,46
1232,37,183,9
1233,465,183,9
1234,246,183,24
1235,140,183,3
1236,213,184,38
1237,267,184,23
1238,219,184,34
1239,481,185,32
1240,95,185,2
1241,167,185,35
1242,451,185,11
1243,395,185,41
1244,471,186,14
1245,82,186,16
1246,185,186,37
1247,224,186,49
1248,80,186,1
1249,69,187,23
1250,403,187,45
1251,159,187,18
1252,264,188,34
1253,195,188,3
1254,50,188,47
1255,48,188,32
1256,177,188,10
1257,483,189,26
1258,441,189,48
1259,410,189,35
1260,79,189,23
1261,484,189,2
1262,468,190,25
1263,466,190,13
1264,455,190,21
1265,440,190,37
1266,312,190,49
1267,442,190,8
1268,171,190,11
1269,323,190,29
1270,314,190,8
1271,27,190,40
1272,310,190,5
1273,312,190,44
1274,99,190,45
1275,1,191,36
1276,346,191,30
1277,428,191,20
1278,11,191,5
1279,380,191,20
1280,141,192,29
1281,128,192,8
1282,47,192,16
1283,388,192,37
1284,259,192,11
1285,167,192,49
1286,27,192,33
1287,350,192,44
1288,275,192,21
1289,272,192,10
1290,65,192,46
1291,264,192,13
1292,315,192,44
1293,376,193,2
1294,359,193,22
1295,59,193,27
1296,468,193,16
1297,305,193,17
1298,85,193,19
1299,251,193,18
1300,166,193,4
1301,91,194,32
1302,256,194,14
1303,176,194,28
1304,453,194,12
1305,24,194,34
1306,330,194,23
1307,246,195,44
1308,211,195,40
1309,224,195,21
1310,216,196,46
1311,216,196,2
1312,110,196,43
1313,88,196,19
1314,81,196,23
1315,398,196,39
1316,140,196,48
1317,291,196,9
1318,107,196,27
1319,61,196,37
1320,314,196,24
1321,361,196,11
1322,254,196,29
1323,93,196,8
1324,62,196,47
1325,127,197,32
1326,287,197,47
1327,203,197,4
1328,286,197,40
1329,70,197,34
1330,113,197,11
1331,452,197,10
1332,155,197,40
1333,202,198,24
1334,361,198,41
1335,132,198,27
1336,55,198,8
1337,379,198,23
1338,205,198,6
1339,140,198,26
1340,427,198,27
1341,34,198,36
1342,469,198,38
1343,243,198,3
1344,328,198,48
1345,384,198,22
1346,161,199,7
1347,490,199,5
1348,270,199,36
1349,457,199,15
1350,241,199,28
1351,280,199,4
1352,21,199,42
1353,324,199,32
1354,198,199,30
1355,82,199,50
1356,175,199,41
1357,140,199,5
1358,416,199,11
1359,29,199,8
1360,9,199,19
1361,320,200,49
1362,55,200,23
1363,368,200,2
1364,156,200,21
1365,114,200,1
1366,56,200,29
1367,159,201,34
1368,188,201,34
1369,159,201,35
1370,112,201,36
1371,270,201,11
1372,118,201,32
1373,291,202,5
1374,4,202,4
1375,429,202,15
1376,174,202,10
1377,180,202,41
1378,313,202,50
1379,485,202,2
1380,125,202,22
1381,60,202,4
1382,265,203,15
1383,99,203,8
1384,203,203,45
1385,434,203,28
1386,438,203,48
1387,368,203,28
1388,356,203,13
1389,328,203,6
1390,219,204,18
1391,100,204,17
1392,409,204,29
1393,471,204,22
1394,397,204,16
1395,17,204,25
1396,389,205,32
1397,178,205,6
1398,36,205,20
1399,299,205,24
1400,421,205,34
1401,380,205,43
1402,349,206,6
1403,472,206,37
1404,468,206,45
1405,496,206,37
1406,198,206,35
1407,448,206,36
1408,31,206,33
1409,356,206,13
1410,284,206,25
1411,228,207,44
1412,163,207,18
1413,254,207,3
1414,9,207,40
1415,469,207,27
1416,377,208,43
1417,338,208,7
1418,215,208,33
1419,9,208,37
1420,196,208,10
1421,416,208,17
1422,291,209,14
1423,27,209,30
1424,407,209,49
1425,460,209,10
1426,32,209,10
1427,445,209,11
1428,54,209,41
1429,288,209,26
1430,365,209,29
1431,119,209,28
1432,305,209,11
1433,476,209,24
1434,134,209,10
1435,469,209,22
1436,413,209,44
1437,496,210,6
1438,405,210,6
1439,299,210,47
1440,359,210,42
1441,62,210,9
1442,334,211,14
1443,124,211,10
1444,367,211,22
1445,185,212,16
1446,101,212,29
1447,475,212,1
1448,221,212,9
1449,339,212,29
1450,353,212,47
1451,371,212,5
1452,309,212,5
1453,156,212,30
1454,34,213,38
1455,167,213,27
1456,119,213,32
1457,421,213,14
1458,402,213,50
1459,110,213,15
1460,264,213,10
1461,348,213,49
1462,110,213,34
1463,93,213,5
1464,149,213,4
1465,343,213,6
1466,424,213,44
1467,150,213,12
1468,3,213,42
1469,386,214,21
1470,129,214,42
1471,347,215,37
1472,284,215,17
1473,225,215,33
1474,72,215,16
1475,147,215,5
1476,32,215,40
1477,238,215,41
1478,437,215,18
1479,490,215,48
1480,466,215,2
1481,146,215,44
1482,298,215,31
1483,72,215,45
1484,64,216,39
1485,138,216,45
1486,136,216,36
1487,193,216,6
1488,259,216,27
1489,295,217,2
1490,106,217,19
1491,183,217,47
1492,384,217,40
1493,15,217,13
1494,218,218,30
1495,49,218,24
1496,8,219,4
1497,97,219,38
1498,468,219,20
1499,474,219,37
1500,236,219,13
1501,198,219,43
1502,277,219,11
1503,453,219,28
1504,376,219,21
1505,477,219,5
1506,190,219,11
1507,109,219,34
1508,159,219,28
1509,281,219,45
1510,93,219,6
1511,292,220,20
1512,307,220,40
1513,358,220,36
1514,77,220,3
1515,153,220,11
1516,121,220,50
1517,16,221,8
1518,88,221,26
1519,323,221,4
1520,396,221,7
1521,91,221,20
1522,164,221,4
1523,438,221,31
1524,367,221,11
1525,472,221,7
1526,100,221,33
1527,480,221,9
1528,227,221,22
1529,493,221,25
1530,443,221,17
1531,479,221,44
1532,384,222,46
1533,130,223,29
1534,458,223,50
1535,126,223,34
1536,486,223,13
1537,387,223,9
1538,478,223,47
1539,11,224,4
1540,270,224,38
1541,370,225,46
1542,436,225,23
1543,306,225,15
1544,460,226,38
1545,383,226,26
1546,52,227,45
1547,176,227,27
1548,498,227,15
1549,147,227,6
1550,435,227,42
1551,340,227,50
1552,498,227,2
1553,146,227,8
1554,114,228,6
1555,388,228,32
1556,381,228,23
1557,259,228,2
1558,362,228,25
1559,242,228,11
1560,41,229,36
1561,493,229,33
1562,484,229,35
1563,451,229,32
1564,481,229,31
1565,53,229,42
1566,117,229,38
1567,414,229,24
1568,63,229,20
1569,325,229,50
1570,148,229,3
1571,306,229,29
1572,235,229,19
1573,121,229,34
1574,91,229,3
1575,275,230,25
1576,134,231,41
1577,426,231,39
1578,378,231,46
1579,118,231,43
1580,369,231,7
1581,333,231,43
1582,316,231,41
1583,274,231,8
1584,232,232,39
1585,46,232,29
1586,322,232,45
1587,329,232,4
1588,215,232,18
1589,27,232,26
1590,8,232,49
1591,378,232,36
1592,229,232,12
1593,73,232,50
1594,218,232,41
1595,237,232,33
1596,330,232,44
1597,27,232,5
1598,281,232,49
1599,435,233,11
1600,7,233,9
1601,22,234,21
1602,458,234,29
1603,325,234,26
1604,172,235,32
1605,171,235,9
1606,354,235,24
1607,194,235,49
1608,150,235,35
1609,324,235,48
1610,35,236,49
1611,90,236,23
1612,411,236,4
1613,66,236,13
1614,322,236,3
1615,138,236,44
1616,234,237,39
1617,219,237,33
1618,405,237,22
1619,22,237,7
1620,219,237,34
1621,9,237,28
1622,73,237,17
1623,309,237,16
1624,112,237,5
1625,236,237,1
1626,154,237,48
1627,441,237,3
1628,204,237,18
1629,404,238,49
1630,184,239,46
1631,193,239,27
1632,461,239,3
1633,436,239,7
1634,374,239,39
1635,321,239,36
1636,181,240,32
1637,453,240,12
1638,200,240,29
1639,52,241,35
1640,240,241,46
1641,12,241,1
1642,305,241,46
1643,214,241,42
1644,391,241,14
1645,226,241,36
1646,395,241,32
1647,269,242,34
1648,8,242,22
1649,387,242,22
1650,189,242,37
1651,470,242,39
1652,426,243,33
1653,235,243,26
1654,230,243,3
1655,476,243,34
1656,332,243,28
1657,127,243,23
1658,149,243,3
1659,498,243,9
1660,479,243,26
1661,210,243,30
1662,428,243,23
1663,143,243,9
1664,176,243,7
1665,96,244,34
1666,115,244,9
1667,451,244,36
1668,427,244,17
1669,491,244,10
1670,401,244,44
1671,485,244,34
1672,334,244,8
1673,452,244,4
1674,210,245,45
1675,242,245,50
1676,264,245,37
1677,424,245,43
1678,8,245,6
1679,338,245,7
1680,186,246,4
1681,314,246,15
1682,106,246,44
1683,54,246,30
1684,413,246,34
1685,46,247,49
1686,53,247,28
1687,47,247,45
1688,169,248,36
1689,377,248,5
1690,79,248,45
1691,463,248,50
1692,382,248,27
1693,25,248,26
1694,236,248,18
1695,268,248,25
1696,121,248,42
1697,56,249,44
1698,189,250,45
1699,268,250,15
1700,111,250,48
1701,478,250,33
1702,355,250,25
1703,388,250,17
1704,241,251,1
1705,49,251,49
1706,166,251,5
1707,48,252,42
1708,47,252,5
1709,372,252,36
1710,466,252,7
1711,420,252,25
1712,3,252,2
1713,113,253,49
1714,94,253,28
1715,101,253,30
1716,197,254,21
1717,199,255,28
1718,368,255,33
1719,143,255,2
1720,5,255,30
1721,106,255,37
1722,481,255,31
1723,246,255,22
1724,127,255,35
1725,331,255,8
1726,22,255,11
1727,403,255,14
1728,121,255,24
1729,72,255,1
1730,313,255,23
1731,95,255,4
1732,78,256,15
1733,185,256,37
1734,59,256,33
1735,417,256,47
1736,492,256,48
1737,88,256,21
1738,141,257,36
1739,42,257,35
1740,402,257,40
1741,364,258,26
1742,231,258,18
1743,303,258,48
1744,135,258,41
1745,446,258,23
1746,279,259,22
1747,61,259,2
1748,274,259,35
1749,488,260,25
1750,225,260,18
1751,59,260,30
1752,341,261,21
1753,419,261,26
1754,463,261,1
1755,352,261,45
1756,309,261,34
1757,403,261,15
1758,435,262,24
1759,263,262,20
1760,353,262,34
1761,338,262,48
1762,399,262,42
1763,362,262,38
1764,212,263,31
1765,64,263,11
1766,417,263,8
1767,215,263,37
1768,6,263,46
1769,83,263,9
1770,436,263,36
1771,172,263,48
1772,338,263,47
1773,399,264,38
1774,184,264,15
1775,379,264,1
1776,83,264,43
1777,485,264,5
1778,207,265,15
1779,113,265,34
1780,151,265,42
1781,378,265,6
1782,91,265,44
1783,365,265,3
1784,178,266,10
1785,422,267,47
1786,252,267,48
1787,366,267,43
1788,280,268,49
1789,191,268,35
1790,483,268,35
1791,93,268,14
1792,157,268,49
1793,208,269,44
1794,386,269,50
1795,22,269,23
1796,434,270,7
1797,93,270,16
1798,294,270,32
1799,463,270,4
1800,105,270,31
1801,193,270,42
1802,428,270,44
1803,374,270,10
1804,466,270,45
1805,202,271,42
1806,496,271,34
1807,38,271,3
1808,258,271,4
1809,287,271,3
1810,337,272,27
1811,91,273,13
1812,475,273,14
1813,234,273,37
1814,20,273,30
1815,253,273,8
1816,133,273,19
1817,378,274,39
1818,359,274,42
1819,278,274,16
1820,174,274,41
1821,155,274,6
1822,202,274,39
1823,346,275,39
1824,245,275,47
1825,211,275,39
1826,122,275,27
1827,299,275,33
1828,76,275,1
1829,477,275,26
1830,227,275,40
1831,243,275,31
1832,96,275,44
1833,333,275,19
1834,328,275,45
1835,255,275,15
1836,348,275,26
1837,383,275,48
1838,83,276,25
1839,254,276,23
1840,14,276,49
1841,211,276,6
1842,275,276,11
1843,391,276,47
1844,487,276,17
1845,405,276,37
1846,255,276,28
1847,199,276,19
1848,92,276,33
1849,158,276,34
1850,44,276,30
1851,264,276,44
1852,4,276,22
1853,202,277,14
1854,247,277,22
1855,375,277,4
1856,67,278,25
1857,381,278,44
1858,189,278,50
1859,23,278,4
1860,127,278,42
1861,351,278,46
1862,119,278,29
1863,419,278,41
1864,211,278,4
1865,456,278,43
1866,353,278,38
1867,122,278,24
1868,379,278,27
1869,55,279,10
1870,43,279,18
1871,433,279,47
1872,72,279,13
1873,430,279,45
1874,185,279,33
1875,124,280,48
1876,240,280,24
1877,124,280,45
1878,416,280,48
1879,125,280,17
1880,140,280,11
1881,459,281,22
1882,121,281,39
1883,1,281,21
1884,62,282,48
1885,22,282,48
1886,480,282,28
1887,125,282,4
1888,238,282,50
1889,51,282,11
1890,496,282,27
1891,415,282,49
1892,63,283,4
1893,177,283,25
1894,84,283,20
1895,209,283,50
1896,336,283,19
1897,308,283,44
1898,231,283,47
1899,313,283,37
1900,256,283,11
1901,157,283,27
1902,309,283,23
1903,71,283,29
1904,313,283,31
1905,243,284,14
1906,194,285,24
1907,490,285,41
1908,277,285,34
1909,128,285,29
1910,345,285,20
1911,279,285,15
1912,231,286,49
1913,399,286,44
1914,349,286,41
1915,451,286,18
1916,297,286,32
1917,437,286,46
1918,459,286,15
1919,356,286,49
1920,7,286,21
1921,133,287,49
1922,255,287,11
1923,112,287,8
1924,57,287,35
1925,35,287,46
1926,153,287,44
1927,449,287,34
1928,379,287,48
1929,267,287,39
1930,224,287,16
1931,27,287,45
1932,258,287,23
1933,266,287,33
1934,340,288,8
1935,308,288,40
1936,117,288,42
1937,485,288,15
1938,120,288,27
1939,352,288,39
1940,110,289,6
1941,172,289,35
1942,2,289,32
1943,371,289,40
1944,78,289,12
1945,115,289,5
1946,450,289,7
1947,281,289,16
1948,115,289,15
1949,403,289,47
1950,283,289,6
1951,382,289,33
1952,481,289,33
1953,234,290,31
1954,337,291,13
1955,51,291,22
1956,130,291,34
1957,254,291,37
1958,160,291,40
1959,459,291,41
1960,57,292,21
1961,430,292,23
1962,485,292,32
1963,357,292,6
1964,375,292,35
1965,443,292,21
1966,364,292,9
1967,30,292,5
1968,248,292,41
1969,445,292,16
1970,468,292,4
1971,381,292,5
1972,145,292,22
1973,41,292,27
1974,490,292,39
1975,365,293,3
1976,72,293,31
1977,6,293,8
1978,399,293,36
1979,105,293,15
1980,426,293,13
1981,66,294,42
1982,306,294,28
1983,365,295,13
1984,79,295,46
1985,471,295,2
1986,482,295,13
1987,41,295,16
1988,178,295,45
1989,451,296,35
1990,234,296,24
1991,137,296,14
1992,148,296,3
1993,397,296,16
1994,384,296,28
1995,386,296,21
1996,99,296,1
1997,130,296,35
1998,378,296,2
1999,479,296,14
2000,408,296,17
2001,111,296,2
2002,455,296,49
2003,375,296,22
2004,58,297,46
2005,112,297,20
2006,112,297,13
2007,44,297,11
2008,14,297,32
2009,353,297,50
2010,68,297,41
2011,102,297,12
2012,5,297,44
2013,393,297,49
2014,84,297,16
2015,337,297,18
2016,377,297,24
2017,99,298,42
2018,113,298,22
2019,348,298,8
2020,497,298,47
2021,120,298,47
2022,247,298,50
2023,279,298,6
2024,489,298,47
2025,386,299,37
2026,37,299,43
2027,402,299,33
2028,290,300,34
2029,78,300,41
2030,164,300,48
2031,258,300,10
2032,218,300,41
2033,365,301,31
2034,154,301,41
2035,155,301,33
2036,490,301,50
2037,400,301,15
2038,423,302,21
2039,397,302,22
2040,16,302,40
2041,29,303,31
2042,477,303,43
2043,28,303,4
2044,149,303,5
2045,225,303,20
2046,334,303,39
2047,54,303,34
2048,148,303,36
2049,290,303,45
2050,400,304,30
2051,13,304,4
2052,349,304,24
2053,357,304,4
2054,92,304,27
2055,31,304,14
2056,438,304,23
2057,209,304,5
2058,54,304,8
2059,273,304,40
2060,485,304,45
2061,8,304,18
2062,37,304,31
2063,119,304,19
2064,422,304,6
2065,17,305,19
2066,185,305,10
2067,464,305,7
2068,145,305,3
2069,134,305,45
2070,34,305,28
2071,198,305,12
2072,17,305,18
2073,293,305,25
2074,229,305,3
2075,19,305,35
2076,434,305,40
2077,126,305,23
2078,10,305,19
2079,3,305,41
2080,27,306,28
2081,365,306,9
2082,177,306,45
2083,423,306,17
2084,388,306,12
2085,86,306,47
2086,195,306,27
2087,34,306,4
2088,266,306,9
2089,30,307,36
2090,6,307,49
2091,99,307,46
2092,408,307,38
2093,443,307,20
2094,70,307,17
2095,2,308,49
2096,104,308,29
2097,35,308,6
2098,485,308,25
2099,199,308,39
2100,314,308,38
2101,388,308,24
2102,173,308,12
2103,241,308,1
2104,238,308,27
2105,57,308,35
2106,157,308,23
2107,193,308,48
2108,367,309,9
2109,139,309,22
2110,267,309,15
2111,420,309,10
2112,495,309,27
2113,476,309,11
2114,402,310,39
2115,169,310,35
2116,456,310,13
2117,496,311,41
2118,397,311,49
2119,392,311,20
2120,431,311,29
2121,27,311,45
2122,498,311,46
2123,402,311,25
2124,105,311,24
2125,427,311,46
2126,327,311,3
2127,208,311,10
2128,309,311,43
2129,491,311,17
2130,383,312,17
2131,7,312,31
2132,386,312,7
2133,220,312,23
2134,57,312,5
2135,211,312,35
2136,396,312,15
2137,151,312,38
2138,161,313,11
2139,425,313,9
2140,387,313,11
2141,498,313,34
2142,242,313,25
2143,496,313,7
2144,328,313,10
2145,14,313,1
2146,428,314,23
2147,55,314,30
2148,346,314,14
2149,282,314,8
2150,199,314,2
2151,397,314,36
2152,121,314,18
2153,209,314,37
2154,264,314,33
2155,333,314,6
2156,305,314,50
2157,437,314,31
2158,344,314,18
2159,447,314,46
2160,227,314,3
2161,296,315,11
2162,314,315,42
2163,474,315,29
2164,456,315,18
2165,371,315,24
2166,399,315,47
2167,313,315,36
2168,413,315,48
2169,394,315,26
2170,139,315,31
2171,43,315,6
2172,406,315,48
2173,483,315,48
2174,144,316,28
2175,259,316,24
2176,120,316,12
2177,22,316,2
2178,463,316,48
2179,42,316,14
2180,115,317,27
2181,253,317,39
2182,382,317,21
2183,399,317,22
2184,481,317,19
2185,327,318,1
2186,208,318,31
2187,9,318,25
2188,254,318,46
2189,235,318,44
2190,112,318,43
2191,384,319,17
2192,144,319,10
2193,277,319,11
2194,416,319,45
2195,189,319,35
2196,178,319,36
2197,28,319,30
2198,176,319,36
2199,185,320,3
2200,73,320,5
2201,327,320,45
2202,243,320,41
2203,91,320,14
2204,244,320,24
2205,283,320,40
2206,331,320,29
2207,63,320,45
2208,228,320,10
2209,96,320,31
2210,384,320,17
2211,302,320,49
2212,26,321,18
2213,241,321,9
2214,49,321,24
2215,319,322,47
2216,301,323,41
2217,190,323,26
2218,160,323,7
2219,386,323,27
2220,148,323,34
2221,170,323,5
2222,458,323,10
2223,490,323,36
2224,268,323,40
2225,87,323,1
2226,414,323,5
2227,114,323,13
2228,228,323,46
2229,350,323,27
2230,477,323,21
2231,425,324,38
2232,83,324,35
2233,182,324,2
2234,215,324,34
2235,455,324,1
2236,6,324,24
2237,189,324,23
2238,343,324,14
2239,307,324,35
2240,114,325,32
2241,473,325,4
2242,385,325,7
2243,438,325,49
2244,386,325,34
2245,320,325,15
2246,80,325,46
2247,454,325,35
2248,164,325,33
2249,190,325,43
2250,57,325,42
2251,58,325,16
2252,281,325,9
2253,292,326,38
2254,244,326,6
2255,110,327,25
2256,64,327,44
2257,136,327,39
2258,402,327,47
2259,245,327,30
2260,93,328,50
2261,45,328,9
2262,246,328,4
2263,38,329,15
2264,74,329,27
2265,190,329,42
2266,53,329,20
2267,390,329,17
2268,344,329,6
2269,31,329,21
2270,22,329,42
2271,211,329,14
2272,95,330,23
2273,341,330,50
2274,182,330,2
2275,432,330,28
2276,478,330,35
2277,135,330,24
2278,46,331,4
2279,461,331,44
2280,472,331,22
2281,228,331,8
2282,59,331,37
2283,224,331,39
2284,222,332,8
2285,148,332,4
2286,437,332,15
2287,348,332,44
2288,170,332,40
2289,40,332,42
2290,127,333,5
2291,348,333,46
2292,37,333,26
2293,405,333,22
2294,63,333,27
2295,238,333,46
2296,395,333,38
2297,93,333,17
2298,265,333,35
2299,436,333,21
2300,90,333,22
2301,42,333,36
2302,254,333,21
2303,214,334,30
2304,108,334,13
2305,221,334,9
2306,418,334,2
2307,16,334,10
2308,221,334,28
2309,107,334,37
2310,305,334,34
2311,389,335,15
2312,29,335,29
2313,159,335,18
2314,15,335,8
2315,363,335,50
2316,277,335,39
2317,291,335,8
2318,369,335,5
2319,38,335,1
2320,41,335,30
2321,22,335,38
2322,315,335,42
2323,219,335,36
2324,352,335,46
2325,64,335,4
2326,354,336,18
2327,133,336,19
2328,395,336,41
2329,196,337,13
2330,119,337,23
2331,374,337,2
2332,249,337,24
2333,272,337,50
2334,149,337,17
2335,131,338,42
2336,109,338,47
2337,430,338,3
2338,2,338,6
2339,124,338,48
2340,118,339,26
2341,447,339,24
2342,411,339,44
2343,83,340,31
2344,246,340,50
2345,193,340,47
2346,264,340,49
2347,168,340,30
2348,31,340,42
2349,70,340,21
2350,142,340,20
2351,427,340,41
2352,269,340,21
2353,419,340,2
2354,443,340,42
2355,147,340,20
2356,348,341,18
2357,407,341,27
2358,405,341,46
2359,468,342,1
2360,358,342,38
2361,497,342,39
2362,53,342,39
2363,244,342,29
2364,401,343,6
2365,32,343,7
2366,408,343,7
2367,461,343,5
2368,143,343,3
2369,447,343,22
2370,432,343,2
2371,338,343,15
2372,327,343,48
2373,479,343,48
2374,13,343,19
2375,192,343,3
2376,330,343,8
2377,50,343,36
2378,398,343,45
2379,496,344,26
2380,329,344,20
2381,495,344,29
2382,250,344,20
2383,402,344,35
2384,131,344,20
2385,305,344,15
2386,171,344,24
2387,65,344,42
2388,478,344,27
2389,484,344,37
2390,218,344,50
2391,108,344,32
2392,273,344,3
2393,70,344,15
2394,417,345,1
2395,34,345,32
2396,207,345,44
2397,347,345,14
2398,472,345,1
2399,288,345,11
2400,496,346,32
2401,412,346,20
2402,248,346,13
2403,37,346,24
2404,241,346,49
2405,31,346,43
2406,40,346,45
2407,436,346,22
2408,418,346,14
2409,154,346,19
2410,4,346,30
2411,269,346,45
2412,163,346,22
2413,260,347,3
2414,398,347,44
2415,293,347,40
2416,192,347,26
2417,39,347,40
2418,488,347,49
2419,327,347,45
2420,97,347,34
2421,494,348,39
2422,80,348,45
2423,262,348,4
2424,295,348,6
2425,330,348,6
2426,183,348,32
2427,34,348,12
2428,476,348,35
2429,6,348,9
2430,41,348,33
2431,388,348,25
2432,173,348,25
2433,472,348,20
2434,229,348,15
2435,456,348,50
2436,313,349,44
2437,318,349,5
2438,76,349,20
2439,147,349,41
2440,131,349,36
2441,71,349,8
2442,496,349,28
2443,331,349,20
2444,53,350,37
2445,353,350,26
2446,183,350,35
2447,76,350,2
2448,219,350,18
2449,321,350,37
2450,453,351,21
2451,421,351,20
2452,210,351,43
2453,443,351,34
2454,23,351,32
2455,405,351,8
2456,443,351,34
2457,149,351,34
2458,142,351,32
2459,345,351,45
2460,341,351,1
2461,192,351,3
2462,453,351,29
2463,99,351,46
2464,342,351,31
2465,147,352,32
2466,297,352,32
2467,169,352,4
2468,308,352,12
2469,465,352,31
2470,107,352,38
2471,305,353,14
2472,94,353,47
2473,188,353,19
2474,240,353,1
2475,127,353,15
2476,363,353,50
2477,97,354,44
2478,272,354,1
2479,150,354,9
2480,231,354,3
2481,229,354,10
2482,340,354,48
2483,447,354,42
2484,426,354,33
2485,326,355,10
2486,343,355,4
2487,448,355,16
2488,383,356,35
2489,283,356,42
2490,237,356,21
2491,434,356,45
2492,393,356,15
2493,454,356,25
2494,86,356,50
2495,464,356,18
2496,218,356,28
2497,418,356,26
2498,223,356,18
2499,138,356,5
2500,156,356,33
2501,399,357,36
2502,337,357,46
2503,369,357,47
2504,278,357,23
2505,80,357,10
2506,373,357,43
2507,134,358,13
2508,341,358,31
2509,495,359,47
2510,144,359,45
2511,45,359,7
2512,107,359,3
2513,100,359,50
2514,64,359,34
2515,156,360,45
2516,392,360,30
2517,60,360,28
2518,308,360,15
2519,131,360,43
2520,461,360,32
2521,451,361,24
2522,448,361,18
2523,274,361,41
2524,456,362,26
2525,358,362,7
2526,404,362,10
2527,443,362,19
2528,407,362,11
2529,38,362,16
2530,407,363,15
2531,480,363,6
2532,195,363,17
2533,7,363,1
2534,438,363,5
2535,27,363,34
2536,32,364,5
2537,36,364,24
2538,150,364,29
2539,494,364,6
2540,279,364,31
2541,394,364,29
2542,459,364,24
2543,397,364,47
2544,140,365,30
2545,110,365,18
2546,199,365,22
2547,415,365,30
2548,155,365,21
2549,102,365,28
2550,359,366,8
2551,374,366,14
2552,358,366,17
2553,285,366,50
2554,356,366,40
2555,437,366,17
2556,154,367,24
2557,371,367,38
2558,44,367,46
2559,359,367,47
2560,315,367,24
2561,299,367,22
2562,107,368,46
2563,462,368,40
2564,452,368,23
2565,260,368,44
2566,214,368,50
2567,435,368,30
2568,495,368,4
2569,14,368,27
2570,444,369,10
2571,84,369,8
2572,401,369,16
2573,223,369,30
2574,367,369,38
2575,276,369,43
2576,214,369,40
2577,339,369,37
2578,221,369,15
2579,298,369,4
2580,133,369,10
2581,431,369,6
2582,295,369,24
2583,380,369,44
2584,92,369,39
2585,430,370,6
2586,9,370,27
2587,260,370,1
2588,322,370,11
2589,179,370,14
2590,143,370,7
2591,428,371,24
2592,371,371,43
2593,4,372,33
2594,419,372,13
2595,343,372,2
2596,63,372,45
2597,247,372,18
2598,399,372,35
2599,232,372,37
2600,295,372,27
2601,393,372,20
2602,307,373,40
2603,76,373,4
2604,163,373,25
2605,219,374,23
2606,85,374,25
2607,342,374,8
2608,399,375,50
2609,127,375,26
2610,54,375,34
2611,161,375,21
2612,305,375,4
2613,300,375,42
2614,45,375,34
2615,295,375,31
2616,409,375,4
2617,215,375,17
2618,131,375,32
2619,458,375,10
2620,82,375,24
2621,337,375,25
2622,147,375,32
2623,186,376,21
2624,282,376,47
2625,158,376,48
2626,370,376,41
2627,5,376,17
2628,313,376,40
2629,204,377,48
2630,195,377,31
2631,269,377,14
2632,48,377,40
2633,127,377,36
2634,130,377,30
2635,464,377,16
2636,118,377,41
2637,115,377,30
2638,90,377,30
2639,230,377,13
2640,13,377,43
2641,95,377,45
2642,386,377,15
2643,87,377,33
2644,90,378,41
2645,288,378,17
2646,199,378,14
2647,290,378,8
2648,73,378,46
2649,192,378,43
2650,73,378,24
2651,353,378,31
2652,84,379,42
2653,51,379,37
2654,239,379,16
2655,51,379,41
2656,171,379,3
2657,281,379,45
2658,467,379,38
2659,18,379,36
2660,69,379,1
2661,489,379,45
2662,112,379,37
2663,137,379,11
2664,435,379,33
2665,242,379,33
2666,463,379,35
2667,79,380,40
2668,467,380,10
2669,229,380,28
2670,239,380,33
2671,122,380,41
2672,138,380,15
2673,462,381,7
2674,308,381,26
2675,320,381,21
2676,343,382,29
2677,485,382,6
2678,119,382,31
2679,174,383,26
2680,476,383,4
2681,57,383,19
2682,95,383,44
2683,164,383,34
2684,7,383,48
2685,2,383,19
2686,62,383,38
2687,303,383,22
2688,281,383,17
2689,242,383,29
2690,39,383,22
2691,314,383,28
2692,237,384,32
2693,491,384,47
2694,451,385,7
2695,190,385,14
2696,81,385,25
2697,425,385,40
2698,409,385,34
2699,163,385,26
2700,384,385,20
2701,305,385,19
2702,247,385,15
2703,222,386,48
2704,305,386,15
2705,183,387,40
2706,15,387,38
2707,471,387,11
2708,439,387,50
2709,420,387,36
2710,38,387,37
2711,166,387,39
2712,476,387,41
2713,242,388,1
2714,194,388,48
2715,437,388,17
2716,11,388,46
2717,456,388,40
2718,31,388,50
2719,340,388,32
2720,174,388,45
2721,267,388,41
2722,65,389,33
2723,306,389,49
2724,447,389,20
2725,1,389,14
2726,233,389,44
2727,209,389,34
2728,366,390,16
2729,206,390,11
2730,243,390,33
2731,374,391,30
2732,278,391,14
2733,441,391,34
2734,465,391,1
2735,341,391,45
2736,103,392,37
2737,3,392,43
2738,42,392,37
2739,282,392,32
2740,65,392,44
2741,4,392,35
2742,31,392,2
2743,47,392,11
2744,68,393,33
2745,469,393,46
2746,454,393,15
2747,140,393,46
2748,123,393,10
2749,240,393,26
2750,199,393,23
2751,301,393,49
2752,456,393,40
2753,376,394,4
2754,3,394,41
2755,385,394,37
2756,67,395,5
2757,96,395,44
2758,422,395,13
2759,229,395,4
2760,389,395,1
2761,432,396,4
2762,17,396,38
2763,337,396,1
2764,386,396,46
2765,485,396,42
2766,215,396,2
2767,498,396,47
2768,339,396,28
2769,247,396,29
2770,170,396,41
2771,374,396,41
2772,275,396,21
2773,146,396,40
2774,205,397,22
2775,141,397,36
2776,279,397,34
2777,437,397,3
2778,95,397,7
2779,454,397,10
2780,50,397,34
2781,337,397,18
2782,301,397,10
2783,210,397,42
2784,88,397,18
2785,228,397,18
2786,39,397,38
2787,139,398,5
2788,318,398,9
2789,241,398,38
2790,188,398,42
2791,362,398,13
2792,420,398,4
2793,385,398,28
2794,371,398,14
2795,243,398,20
2796,327,398,12
2797,368,398,10
2798,120,398,28
2799,407,398,19
2800,236,398,7
2801,254,398,12
2802,119,399,24
2803,485,399,21
2804,261,399,7
2805,115,399,45
2806,92,399,46
2807,307,399,3
2808,373,399,22
2809,473,399,20
2810,439,400,12
2811,221,400,6
2812,447,400,34
2813,488,400,10
2814,140,400,47
2815,394,400,28
2816,431,401,23
2817,329,401,13
2818,414,401,3
2819,70,401,2
2820,151,401,24
2821,483,401,24
2822,280,402,10
2823,254,402,2
2824,353,402,45
2825,165,402,2
2826,382,402,15
2827,36,402,34
2828,11,402,9
2829,405,402,20
2830,150,403,22
2831,362,403,8
2832,151,403,42
2833,213,403,3
2834,351,403,17
2835,48,403,44
2836,371,404,8
2837,370,404,34
2838,29,404,26
2839,251,404,24
2840,489,404,30
2841,228,404,10
2842,260,404,9
2843,392,404,14
2844,236,404,16
2845,174,405,41
2846,312,405,33
2847,211,405,9
2848,188,405,45
2849,465,405,18
2850,60,406,25
2851,73,406,35
2852,185,406,43
2853,224,406,41
2854,75,406,7
2855,213,406,31
2856,307,406,43
2857,197,406,34
2858,352,406,36
2859,410,406,12
2860,16,406,1
2861,75,406,49
2862,418,406,39
2863,121,407,24
2864,432,407,10
2865,222,407,43
2866,386,407,17
2867,149,407,21
2868,250,407,33
2869,298,408,17
2870,399,408,45
2871,82,408,3
2872,219,408,4
2873,45,408,47
2874,252,408,42
2875,68,408,8
2876,161,408,25
2877,119,409,36
2878,85,409,35
2879,253,409,4
2880,102,410,16
2881,261,410,22
2882,371,410,40
2883,71,410,28
2884,93,410,30
2885,331,410,14
2886,418,411,6
2887,197,411,37
2888,168,411,34
2889,155,411,43
2890,241,411,15
2891,338,411,38
2892,442,411,22
2893,178,411,49
2894,64,412,35
2895,374,412,8
2896,437,412,43
2897,378,412,5
2898,113,412,10
2899,452,412,45
2900,72,413,1
2901,168,413,34
2902,498,413,50
2903,467,413,32
2904,236,413,18
2905,325,414,37
2906,421,414,32
2907,185,414,15
2908,203,415,37
2909,62,415,40
2910,476,415,43
2911,401,415,19
2912,457,415,37
2913,395,416,25
2914,377,416,33
2915,146,416,14
2916,177,416,48
2917,336,416,50
2918,342,416,47
2919,384,417,45
2920,383,417,45
2921,99,417,40
2922,404,418,38
2923,1,418,1
2924,94,418,34
2925,433,418,3
2926,330,418,3
2927,173,418,39
2928,329,419,44
2929,459,419,18
2930,20,419,7
2931,434,419,48
2932,140,419,33
2933,471,419,5
2934,172,419,28
2935,458,419,25
2936,149,419,20
2937,74,419,28
2938,118,419,47
2939,346,419,44
2940,222,419,40
2941,208,420,33
2942,188,420,10
2943,344,420,34
2944,127,421,21
2945,394,421,46
2946,173,421,40
2947,387,421,30
2948,55,421,18
2949,290,422,49
2950,447,422,8
2951,496,422,8
2952,495,422,50
2953,328,422,11
2954,59,423,41
2955,363,423,19
2956,294,423,21
2957,228,423,41
2958,27,423,15
2959,45,423,34
2960,478,423,38
2961,242,423,20
2962,79,423,31
2963,37,424,42
2964,431,424,32
2965,143,424,19
2966,173,424,46
2967,249,424,26
2968,17,424,2
2969,155,424,32
2970,58,424,7
2971,381,424,11
2972,321,424,26
2973,356,424,21
2974,463,424,4
2975,189,424,20
2976,244,424,50
2977,71,424,20
2978,298,425,6
2979,393,425,15
2980,254,425,8
2981,226,425,44
2982,55,425,38
2983,436,425,8
2984,155,425,16
2985,450,425,33
2986,203,425,42
2987,13,425,25
2988,409,425,37
2989,157,425,4
2990,1,425,13
2991,112,425,21
2992,286,425,5
2993,59,426,23
2994,87,427,3
2995,103,427,14
2996,247,427,16
2997,450,428,42
2998,348,428,48
2999,325,428,20
3000,322,428,29
3001,32,428,17
3002,351,429,33
3003,230,429,8
3004,196,429,1
3005,349,429,17
3006,179,429,20
3007,273,429,30
3008,454,430,5
3009,79,430,3
3010,251,430,16
3011,256,430,37
3012,476,430,37
3013,305,431,16
3014,25,431,10
3015,239,431,35
3016,412,431,36
3017,284,431,44
3018,452,432,46
3019,467,432,22
3020,174,432,15
3021,213,433,6
3022,366,433,40
3023,355,433,3
3024,184,433,19
3025,27,433,33
3026,411,433,46
3027,24,433,17
3028,258,433,36
3029,76,433,37
3030,303,433,46
3031,26,433,33
3032,16,433,30
3033,275,433,17
3034,50,434,1
3035,392,434,4
3036,291,434,17
3037,445,434,18
3038,254,434,50
3039,13,434,33
3040,376,434,28
3041,20,434,42
3042,266,434,34
3043,38,434,13
3044,444,434,38
3045,339,434,24
3046,290,434,3
3047,383,435,10
3048,288,435,5
3049,405,436,31
3050,264,436,30
3051,449,436,4
3052,177,437,23
3053,79,437,34
3054,220,437,13
3055,140,437,19
3056,243,437,34
3057,388,437,34
3058,267,437,31
3059,199,437,48
3060,65,437,29
3061,159,437,50
3062,472,437,44
3063,235,437,23
3064,198,437,16
3065,187,438,3
3066,173,438,14
3067,239,438,30
3068,434,438,16
3069,453,438,31
3070,93,438,37
3071,420,438,46
3072,118,438,49
3073,466,438,12
3074,204,438,1
3075,54,438,39
3076,200,438,16
3077,299,438,27
3078,277,438,23
3079,181,438,19
3080,144,439,40
3081,351,439,35
3082,493,439,12
3083,416,439,27
3084,380,439,11
3085,466,439,49
3086,193,439,28
3087,362,439,29
3088,310,439,15
3089,469,439,12
3090,4,439,28
3091,195,439,5
3092,250,439,11
3093,67,440,35
3094,53,441,19
3095,228,441,6
3096,479,441,10
3097,107,442,8
3098,245,442,49
3099,269,442,14
3100,481,442,21
3101,188,442,17
3102,433,442,22
3103,217,442,16
3104,24,442,31
3105,36,443,14
3106,433,443,38
3107,64,443,14
3108,492,443,42
3109,60,443,15
3110,429,443,30
3111,299,443,47
3112,462,443,8
3113,72,444,29
3114,246,444,34
3115,44,444,25
3116,245,444,19
3117,309,444,39
3118,486,445,24
3119,168,445,34
3120,365,445,41
3121,182,445,6
3122,284,445,35
3123,448,446,41
3124,452,446,4
3125,144,446,16
3126,313,446,23
3127,130,446,44
3128,31,446,18
3129,53,446,28
3130,449,446,17
3131,424,446,29
3132,203,446,34
3133,11,446,35
3134,249,446,26
3135,319,446,5
3136,203,447,5
3137,360,447,16
3138,490,447,22
3139,33,447,49
3140,493,447,36
3141,76,447,47
3142,359,447,4
3143,301,447,11
3144,387,447,40
3145,224,447,7
3146,47,447,44
3147,25,447,45
3148,470,447,34
3149,297,448,50
3150,217,448,43
3151,300,448,19
3152,371,449,8
3153,345,449,30
3154,312,449,31
3155,359,449,48
3156,459,449,34
3157,378,449,34
3158,173,449,9
3159,401,449,4
3160,278,450,3
3161,179,450,13
3162,435,450,14
3163,126,450,41
3164,4,450,46
3165,385,450,14
3166,95,450,27
3167,289,450,8
3168,207,450,44
3169,492,450,30
3170,201,450,42
3171,29,450,50
3172,218,450,22
3173,30,450,47
3174,170,450,14
3175,233,451,19
3176,99,451,31
3177,402,451,19
3178,371,451,33
3179,111,451,36
3180,224,451,29
3181,332,451,17
3182,295,451,48
3183,323,451,23
3184,408,451,30
3185,144,451,6
3186,75,451,42
3187,55,451,15
3188,197,452,19
3189,271,452,30
3190,341,452,24
3191,76,452,43
3192,242,452,11
3193,381,452,33
3194,113,452,17
3195,167,452,6
3196,378,452,35
3197,148,453,46
3198,490,453,30
3199,105,453,50
3200,217,453,18
3201,118,453,11
3202,423,453,10
3203,221,453,10
3204,19,453,11
3205,432,454,43
3206,223,454,48
3207,269,454,39
3208,250,454,23
3209,153,454,14
3210,409,454,2
3211,158,454,2
3212,97,454,39
3213,389,454,2
3214,392,455,44
3215,333,455,2
3216,352,456,17
3217,129,456,39
3218,493,456,35
3219,383,457,36
3220,138,457,49
3221,356,457,46
3222,78,458,19
3223,193,458,30
3224,63,458,3
3225,149,458,19
3226,122,458,26
3227,53,458,11
3228,47,459,4
3229,128,459,14
3230,371,459,2
3231,56,459,38
3232,76,459,47
3233,485,459,47
3234,79,459,45
3235,390,459,5
3236,124,459,21
3237,376,459,50
3238,474,459,48
3239,53,459,31
3240,431,459,19
3241,208,460,2
3242,353,460,30
3243,384,460,18
3244,487,460,37
3245,304,460,44
3246,400,460,19
3247,333,461,40
3248,285,461,15
3249,448,461,1
3250,322,462,25
3251,151,462,46
3252,446,462,27
3253,177,462,49
3254,475,462,47
3255,67,462,41
3256,112,462,10
3257,274,462,45
3258,265,463,49
3259,315,463,48
3260,216,463,3
3261,41,464,6
3262,162,464,17
3263,149,464,35
3264,262,464,19
3265,329,464,19
3266,313,464,20
3267,293,464,36
3268,227,464,27
3269,290,464,28
3270,41,464,35
3271,339,464,35
3272,77,464,36
3273,293,464,11
3274,278,465,48
3275,202,465,50
3276,135,465,45
3277,27,465,24
3278,175,465,5
3279,450,465,22
3280,345,465,49
3281,398,465,20
3282,395,466,35
3283,280,466,26
3284,230,466,6
3285,47,466,5
3286,299,466,42
3287,426,466,33
3288,315,467,15
3289,191,467,32
3290,262,467,44
3291,116,468,4
3292,255,468,1
3293,386,468,11
3294,359,468,50
3295,74,468,15
3296,211,468,19
3297,348,469,1
3298,9,469,12
3299,472,469,3
3300,118,469,27
3301,311,469,34
3302,15,469,48
3303,381,469,42
3304,454,469,37
3305,301,469,24
3306,216,469,24
3307,261,469,14
3308,354,469,47
3309,169,469,17
3310,489,470,24
3311,211,470,27
3312,67,470,40
3313,429,470,36
3314,262,470,7
3315,494,471,49
3316,56,471,22
3317,74,471,26
3318,38,471,50
3319,456,471,45
3320,208,471,44
3321,312,472,7
3322,122,472,23
3323,327,472,5
3324,187,472,32
3325,449,472,35
3326,384,472,38
3327,91,472,36
3328,376,472,9
3329,37,472,49
3330,406,472,8
3331,365,472,43
3332,223,472,13
3333,126,472,38
3334,381,472,16
3335,152,472,30
3336,450,473,4
3337,37,473,41
3338,77,473,7
3339,101,474,13
3340,347,474,30
3341,299,474,49
3342,10,475,29
3343,385,475,36
3344,341,475,31
3345,182,475,12
3346,41,475,49
3347,356,475,35
3348,348,476,44
3349,62,476,27
3350,376,476,37
3351,84,476,29
3352,435,476,50
3353,275,476,7
3354,115,476,34
3355,84,476,29
3356,368,476,31
3357,397,476,50
3358,256,476,12
3359,88,476,39
3360,455,476,42
3361,304,477,46
3362,11,477,22
3363,333,477,30
3364,301,478,49
3365,18,478,39
3366,350,478,30
3367,375,479,3
3368,407,479,20
3369,95,479,43
3370,402,479,9
3371,301,479,31
3372,468,479,49
3373,47,479,41
3374,218,479,27
3375,4,479,45
3376,439,480,50
3377,88,480,50
3378,387,480,15
3379,332,480,34
3380,63,480,40
3381,107,480,34
3382,475,480,50
3383,253,480,32
3384,97,480,31
3385,330,480,40
3386,187,480,15
3387,421,480,32
3388,136,480,22
3389,142,481,14
3390,345,481,27
3391,476,481,29
3392,16,481,46
3393,480,481,44
3394,437,481,31
3395,145,482,26
3396,127,482,10
3397,286,482,21
3398,320,482,27
3399,498,482,1
3400,273,482,22
3401,457,482,14
3402,35,482,35
3403,388,482,17
3404,304,482,28
3405,373,482,32
3406,145,482,28
3407,160,482,12
3408,358,483,32
3409,446,483,13
3410,428,483,1
3411,451,483,17
3412,8,483,27
3413,330,483,3
3414,273,483,26
3415,498,483,28
3416,386,483,34
3417,258,483,46
3418,411,483,43
3419,265,483,32
3420,103,483,48
3421,284,483,15
3422,377,483,10
3423,109,484,35
3424,468,484,21
3425,274,484,19
3426,38,485,36
3427,138,485,17
3428,462,485,24
3429,467,485,14
3430,192,485,8
3431,130,485,29
3432,477,485,43
3433,199,485,32
3434,460,485,24
3435,108,485,12
3436,247,485,26
3437,253,485,29
3438,409,485,23
3439,46,486,15
3440,397,486,46
3441,308,486,20
3442,146,487,28
3443,261,487,11
3444,482,487,31
3445,94,487,43
3446,221,487,25
3447,342,487,10
3448,397,487,6
3449,396,487,8
3450,262,487,16
3451,194,487,36
3452,33,487,36
3453,380,487,37
3454,429,487,27
3455,118,488,45
3456,461,488,19
3457,226,488,18
3458,387,488,17
3459,225,488,24
3460,135,488,10
3461,46,488,26
3462,156,488,1
3463,297,488,46
3464,265,488,25
3465,337,488,39
3466,483,488,31
3467,365,488,33
3468,15,489,31
3469,12,489,10
3470,345,489,41
3471,414,489,24
3472,10,489,44
3473,463,489,36
3474,133,489,19
3475,224,489,17
3476,119,489,50
3477,217,490,21
3478,286,490,9
3479,417,490,35
3480,272,490,21
3481,70,490,44
3482,406,490,18
3483,200,491,31
3484,375,491,28
3485,127,491,37
3486,132,491,15
3487,240,491,39
3488,413,492,22
3489,409,492,27
3490,137,492,44
3491,239,492,23
3492,56,492,4
3493,172,492,4
3494,7,492,38
3495,39,492,6
3496,401,492,44
3497,49,493,21
3498,356,493,25
3499,129,493,40
3500,33,493,22
3501,441,493,20
3502,244,493,16
3503,439,493,6
3504,184,493,19
3505,47,493,8
3506,279,494,4
3507,451,494,35
3508,79,494,20
3509,96,494,31
3510,389,494,20
3511,91,495,2
3512,86,495,23
3513,200,495,7
3514,81,495,22
3515,242,495,26
3516,331,495,2
3517,316,495,19
3518,353,495,18
3519,277,496,49
3520,358,497,5
3521,119,497,33
3522,396,497,3
3523,318,497,12
3524,97,497,45
3525,161,497,4
3526,113,498,47
3527,487,498,19
3528,163,498,30
3529,357,499,10
3530,179,499,45
3531,417,499,35
3532,361,499,11
3533,249,499,29
3534,384,499,15
3535,253,499,24
3536,163,499,42
