user_id,login,password,seed,type
0,Kait1,9da8b0562c964188e0565baf65b000fdd2b9caf74061301eced1c76f1e4c15f1c32d10335e0811239dca13c4ea382ee433cd5b8a12154a29d067f27d891e2f6c,12,client
1,Bria2,9577d6744b78250fa2b0c90475abdc30504656e2f462dd6601b8c61d7ee6f04a0adbea05ed566abb41f7baf6923db162a0f75e862defc6fc177304c897ac4162,5,client
2,Jeff3,1256b517d432651855fc10b24cc64af51c7196f75bbbd7b8f81e350291d68650be0c882a82d0232df196243f48143ebedf9937ac11992d20f0b67d372f6bfc94,3,client
3,John4,f54e308ac32f5a4bad820b1316162b4b5c46e91791e816958c044394d0354e045961e2d579a51724deac3683afbeeb08bd8726727861ced4156c7da262a2605f,3,client
4,Will5,1ca4cd8bdd15ed170627e62f727f05124681bb011854da26591d1a38236f64234f5ec10c0ab0da8e5e329e585d112f24a71085ea1a126812e24fc1fda7020f50,14,client
5,Patr6,a68317d3d9f3477f24a7b4cc9591aa27326cd62fa432e494c42e5eb81c3d82a920fb136ced6bd11f905e938bf678ebedb9d185645442c8e35852f6ff0cb3c861,3,client
6,Ange7,dc030e223534aa03aae82064ae5ffce414e0fe76cdb421d7337ca1258086886d2dfbd17ed7a427b0d0e45ce796f067df4806683486ef757e57ee5ce8e23f3126,12,client
7,Matt8,4afb9c52272201aa14aa4922f3f60a8beb0587032ccdd53d00c6fede7e50eac329fb575022e840eace50bd73afef753608ed595d959b0896815d09fcb093dec8,19,client
8,Kimb9,07fadc809d38436732719d6a7afecf693816574cd8603b88df2792967db7cb8498e1020423f3f6cc6df6a3744370cf692b897b9cbd7fb5c31bb41b5addf96b85,12,client
9,Mari10,1b6a9eb65a87528c9ae8314dbf06171b56be03f02ae543940631393572ceb76ccdbcceb05cee9f13bb7f0c6bfc6d57917633c37be8635e3ec4e5a82fcc358a7b,18,client
10,Jame11,3d546a52153c48582861d7e72545c9cb94b771a62e34408133f2e30c0b24df75a4b6842790ca1bee939de32989ed8838a977ddfb20618a784fae8ac8c0710575,12,client
11,Dani12,32f5864c989c98ec3ae1b3f67c6f0fbe4356764c764eda55868bfa21f5b7ecd5fd9db1205f9117af59cd5ccd81112de6c26cdf86eccd2c5ce876f99634cf0478,18,client
12,Dawn13,1be6ced656d2abf8c7f6b2a00f1d53a6045e1feed4477b5ac6ee2dd5b348c9157a4958d7fad3e334d1c7ad8a2767c5b47e367e0d1185efaf4d2c4127eefb37bf,11,client
13,Kati14,1aab3e6331abb90c9c3d7231061d27fe19ebb245dad55b0e1de4c762bc11f2617ab619f47eba2272ed838c042ca5eecc45a77d40eb8b83c15792072135b7fcb3,14,client
14,Debr15,051bd299ecb63add8e3102631b38e53e610233d5d54ae3fa641a38f3cc1b0355664a5c47eef1bf942d72a28f6deb90d750f0491da7bc9774ff17bfb1d912c904,20,client
15,Trac16,a69f3d688ce23220e7ae7535dad47606dfe4def97ac4cc5e8df4edbc3abbccfbcb5d88e65db0bba7c52c88e47a5692c7b5e5b5d8186701f1c0b195e61782b4fd,8,client
16,Rica17,486611e63a6d7ceea805ffb0e35c7ccb9a7634db7f9dddcf9a04bd41cb278811f89650acc38952983da6005292f0ecf19589d6eb0054128b4fb2befe9b0fa8a7,10,client
17,Ambe18,1f710cf72e243a72e9b75ed0ac9238f85550542cb74d082e84aec96d3b2bf9263bcda3fe4f805c37985e3a68604d93f9b191d825c71248a1b95e30d4cd7f5b9e,14,client
18,Andr19,4b893b34ec6c34915c93ba3eaf7bc0914a324e5eeddbeadaeb2bbf1b3f3daa65db6be69d8b51c24be8ee0e01ca1a429ae28c1f09856b7ddc3d3e3cbaa9bba33a,3,client
19,Robe20,be652fabbbbc8c81763478fc85086180fe4baa3f2e7c4c336983b15a9719c0b350282d57c8b6b2a5fc41a937e4a223ef800af6646dfd88321dea561a8e6d09c0,19,client
20,Kare21,c358738251956881e711efc9da765c79ef4cc662ac2e07ba667a9407e8cc50508364513bdc1da47436e5185843905845c865fcbd424ea2f9408d7e87147a2b31,16,client
21,Jess22,b1fef5cf4a26ab9981cfd0de4629f4f4666bd24e9438be55e966663bf7dd8199d556dd30c86bff97e21a37e7f1feba9e182bc1bc6fba8d223df78117e1ca0f42,2,client
22,Edwa23,93555a4641b3dc57cfe0d907ff81da273280ac836202847e862f827a55ebdcaced0215ad4611b28b44cb009831d70d268ecb860c69075577d0cb055504d2c3d0,14,client
23,Bran24,7bd9af841b38a83a9441398b97f4b46a904ff1077c5e770456eb5120a7ef0d3fa77861d3f8f1a037899d52ca52b9b8c163e6b5f90f7feb13895faabaed5a914b,2,client
24,Kenn25,e66368fffe16f38b694f10866e9bb4d6b6e945e1686cb8e9a6f5e5f255b0bbdb1829fb96dbddba318fa11413c52802d3e50deba49d74867218ab09ac424d5c42,16,client
25,Dani26,15a876a336f79a947df124705bdedd5b3059996aa5bee96cf3f23eb34e7b61e0bb8cb5d431cdc2ec9d66119a3362e56d4b4a2a15d0f3a4323156d78e7f794106,14,client
26,Andr27,71563e4327d8045664a32f49f4045693e3647d8cc946b108f246131675c9f5d436fa8c3cf5ee8ae956af35ee0e033526ef461079570d144677d390e46a0998fc,9,client
27,Vict28,c353968a12fc8e08f6c8146cf63ccde79fca81274405820f61ff1c502d7c573967bb8c32996a4f27627c344abc8c7e8495bbd6d841ba5f8ed06eca28ebaf59ce,5,client
28,Sean29,c6cc0920376889c1bdfaefcec3412ca0e2e86ce23e77ea22064e79f3128bb603d26d1bbd22115e8859c17001cc8cb8e1120548a13da93efd65f9cdd18b9de9e7,3,client
29,Ryan30,3442d4b7c143dc061ffa6b72726d9d15361c8c0bfaf13db1f2f3f8c0b5b3703cc53c8e087d2e46f2a238409d546425f55430f16675fa28e2c78ac1f09eb4e127,2,client
30,Shaw31,ddb3e7938e231f456cc5b58501b50cdb1e4e2361e02fac9ec6adaf4898ad2c5472a1eef2df9b5a434758a298210da5ca92d54c84be135a48bf6bff93ccfb1b2b,13,client
31,Jaso32,b69f64370dbb32bd97bef940a46bc15d752b9fde8b76069a77d8b775190b774eea4b2f0b25227ffd17aae387368b66b9e874938090e30428cef60a2dc0dea26d,18,client
32,Laur33,60bae018b55d723e4896079a490dfdbed8971498f6883384e8b2b71f082be2a62abbfb61c0762f82491ebedb947717d0f819fe91e75e970490931073a5606f5f,3,client
33,Alex34,af057b9eaa7755bae9a197ec35c05c4e3910580695f11dfbf60cc5c716d9b53d5409006b73832a297e1b8fbb58b0aae45353a1a694f8cf115fa63e4ddc2985b9,5,client
34,Dani35,c8fd00244188c1d4461052ae1f123a57fd2d5a345bc3db2a41d1f92ec9c6a0220ee354e7ba0f1404ccfc6dff37452520acd853b3c230c4fda1f26b14f103d82d,4,client
35,Amy 36,a5b2a02a4993ff6f74c7603e934faa05f60d62d57b78dbc246cbbb88eb0793797400ee156769a2e102d15d429e47d440ab1fbec701cd54ec48ef0f02055e0713,2,client
36,Jani37,f084175a82351acedd885c657aecfe5eebf5c66c80d558f207c9c5f1648fe7e97997257c302c32e18c30bcf44025713452320e3314829c889644a1a2543b7182,1,client
37,Nich38,32bef0e12eca4657204714306cb19837358b9fd8b605e0da4f11c91711a74c6cd41bf9d7ef0636616af915699f7ab7ca368d0970a5734b8a4aeb2c3f13a993d8,1,client
38,Chri39,4999c46747872f9a20ee78a09b1a70c8ae353bbf38b612562749b6caec3ae80e860454f50a4f4cfa64ddc9fa280fc9bc8944c1562ca68356dd33318d7204dd5e,20,client
39,Adri40,4856895cf20c3a6980bda9179ab7394011b9e1cb224617b9530d6b51832491442852e5abf6c66a6395bc5ced9796c0cc48632ce52377c3f1fa5f070da5c976ce,5,client
40,Char41,e3e623e89c03737b0c92a723928cbdadc8c6de4c857eebf165107fc1eb1aeecebdc9a43fc09514a561f59071a537b85ae744d9cdd5a5c489810ba9517d2e454f,10,client
41,Kenn42,04f8467be409b1bedfaf78ebc15fa5c968d6893d3d4ec6046bcc53c0cce0788e0b1bb50b1097179698756f121b2b802378d1ad08f3f01f1241efd96a1b866780,18,client
42,Will43,e374c3e9596d244823e6438058322d18d66f74f18a8ca0d2ba0da5b01920e6d966f61b0a9217ad97e039632d34a085c3509a96b7d2fe7723bc96a6f14bef18a7,15,client
43,Jami44,e7e127746fdddc9f2453c0e7d7d9e7762a1248a67a7ee961d5d42e413eb4dc51ebb10df48c3231d79278ab8e4dfe8c580d7356f8efe4f9667bdbf4238f00d98a,19,client
44,Eliz45,aba090734f54287ebaa4234c6b7b997495fcfd4746e57d69532dec5fa24471c9da0e7487a428cc38fd319e4204222f73768bcf0f5e7f357cbd46ef9cdff79059,7,client
45,Roge46,63c88848c3553325e24b62be5aeb05414180d36e6206d274d3fbbf6dcf33e2261a1ee0dde232d31a371acb707645058f6305446ddeb2d5ec28fa9d881d4a73f5,11,client
46,Bren47,8adec9113d98992aa14b01f076ab0b5c138aafa2d56144bc77370f6c627d5b931c4c1a8c4105e15b227945bcc43c19a41b1978934af0b844af20ab30384b92f1,17,client
47,Kimb48,ab0b26b9e890a79d428cda1e07964d3ece9e4de4632d26a8a77573a63e94044a5fa8d89713c4cc6e84f448fb9e93a4b631b26026dde68f667c96565509c5c677,15,client
48,Brit49,175c6d7b7c43d3a56fef0c2f108d507d544acc196d82e6733d6cafa7885890129da2bfd4a448baadd5bd0b4ff46a1947b53401da7477ae9b0e11991a8928e20c,7,client
49,Vero50,eedc7a1c041ef8d4103aeaa6f2b916a59ab5692ed7565f79f8435abfd562150837ca07086a293b63b991a933371349646dd9d73206465f5fc2f9ce02ce0ee08c,7,client
50,Davi51,17a1fa1902b2b02e897c313963dbb9d6d6ccd0facf7acd44e48bf6d910c8bfad2a206d73afe20f12de570f368ed1f665c1c22b9506eb0556d4602ff6cfaaf99b,15,client
51,Mark52,648e518373e31c4236f0f9d5f5216c10e1c89e383aef379aeb266d26d21c7a92e2fe9350779c9479b3da40573f9384e0c50b3613b12e4a9c3738beedc5a39ead,3,client
52,Rona53,9e50a0499bfd5e8f6b8334b2fbf3a158fd54765424ba5a945f1480860eb47217cb53f69b24579abadb2c4e383cf5caf4d749d40fdf564693332a72a1d32fe3e1,16,client
53,John54,86bdc2cafe4e7701dfe8f772358f91c3ba05cccff81e1f082b9e4844ebb9fbc16fec85b54f207fef45cb3e6fd2040de7ad4334fefa65458765195d843f3eb528,3,client
54,Davi55,22d750c316c5b4654252ce753384946f63c9d69b67d6f76911da1cf17d5e163b9ca7b496d6f59195caaad7aa050b84032d5e3e629775bdf5534c88342802d870,17,client
55,Lonn56,03faa2d046d19dfe53df7e0016c3e3615dcd1df09a67b28f42832e005017003c14bf2c055ecfd58941890f6c9033d2e5222835c25f25c2c11b09a8cd58c82202,12,client
56,Alex57,2a95433c38f957b230b3295f5e0a47e89054d17ff8a2d5d7a6efb5599c704113253d9536cb96478f734da485c55ea705429ff55f02eb1d322a2e08b3caae33c9,17,client
57,Kyle58,633f3daefe38e2699298d1dd7f39ea8f2ea889a1073139db70dce1c02e97c4b241b8f68d88c632f32b03d5cfb0d6dc9a1f4a0aefc8667cc35e879e18bc8e3ff0,8,client
58,Phyl59,7db2b3cc4eba5907d5eeddceb74752d05bed98887004644aee59a6a6cfb5ce548ef9b2bc8a6d491dac5011f097203b91148c01de427d66b7459b71894cae89bc,2,client
59,Paul60,d53393274be248a5cbc3b4ad3b789ac8d7fc2021581abdebebe2e9dc79d0ad5d15adfa3497374c2e728db9ca5cb521277299cc71b761b0dbb6e0620197d72efa,20,client
60,Ambe61,4add5b3c9596736311a81841e6716cf0e2743cc5e2dbe92d7a93b077e0fab047a7747344e36723651126d85d2fdd94397dc7267c39eee340843de6ff9f4ce1fe,4,client
61,Andr62,e33acb0a21b8522ed75dd03afc31fc4e6b6b3467686345b032d9d2d34e22a37fcfc284210e5d8eefd8fad28ad41dd4b3d599d8c0262322534639195527836202,8,client
62,Nico63,fe7eca8f6d57d19f8f4c38eacc44691e701df586002be8d08011ad97a8ece86725b29e4dddf0331c1441d10883d30a399d10a6601d99974d9a36ff2c91f34cd5,8,client
63,Rhon64,969dcaf091dbe083c7e1ad18ffa37365553240b467dfbbf8b66e0e4a13f0081d79ac329bb02dccb6712e1eabe4fb8bf8cd1ce3effe5a25cda16bb327fd3c84a6,4,client
64,Amy 65,354e76c5bd46de99a87e1b0b5fec647a747058b00b09814b3903c3f42b50e641385c147df55ca804b34133d21045dcf120c7bebe4be41bca709b27862dcb0cb6,6,client
65,Jere66,d9a440ca61cddd8a53c001825bb9219eea5826a9d7bd68e6546b858910a9b6589b099107da2ccacaa2dfbfca22d4378ad5bf63856af6ffa89d15283ac144fcae,18,client
66,Jenn67,eafbe1de2b36e446ec2172487f0a71c75b794d177de4ab0fee6b3454707cb7cc7a726a6576e6c913bcafbd03bfe538af814e4fea40c120145fd6d5f8764710ad,7,client
67,Stev68,7dfc40dbe2b0d6f90c2bd6cdc1433e7b89c6b7f224cd5e6745cba30c7ae904e2725c94f82aa799ed616822456c12c4b957259f8ae69bc27e4b0163e1fb857b51,16,client
68,Mich69,e28cad2038686c508a73033d2754c0fc688c200b04dc40b0bb5834f625a16ab1642ea6356d44ce32681e5750ba631d3ec47eeb933dcfdc840fae670803a6a1e9,13,client
69,Josh70,0a44c6ff4a37d4e15c73584f23ac5c65d2269f85ba323b26da8237bbb39af0059ede11a019072a08816d3fd4f0d3bcd6e88d82493e37686a8eaf8f87c3bed56f,4,client
70,Chri71,5ac8511dadb094842a39125c02ea01b574de23d612de7eaaa5a0387c32af5776567645b66fb8d42e6e781f11e3f913908dcb35ada421459d8f83492052184a5d,20,client
71,Amy 72,5d8c2992eb4141d8165ecba30309c7d0e25c8c05da86111d7114f1204177fb57b533bd0d3151246c916dbdf32f365d3f675bd4e87561551afe9ea40519fb6fcc,20,client
72,Robi73,df889b377398368faf433e0506dd418b297b53447b77d6402eb27b338e8ce2f9cef8ddfa6835ae8a17b4e7f4d2cb9ae015b998e3e2b412222d815e587b2e19e7,15,client
73,Davi74,3cc3f668acb2ed0cfb00d3c8dcf02329d81a960918efff8d27ee68f74a8af5bc6b552b280ba2b423261e25b73797ffeeee7dd0d702abc818eb27eefe9df3b954,13,client
74,Jasm75,8e3831196740faafaaab75c9b6fb6bda27e37388eb7328a4de1816b1520fa85cbd0cc2c6684299c648843f0e0f924240192506e9f22fd7b15ed3d2c3a9b93139,2,client
75,Greg76,995b8fd61976a3589f914417439cb00dc17638cfc2fce4efba2d980ff966b091ab8ba3c8a81abf579b5a2afb864be7c6b91aa83a3298b3592ca9b3b5dd3ce13e,15,client
76,Rach77,fa4f38bc2322e5a3c2ae7f0328306e442519c42e8adc8f6ed7618905b6eb49758b8c816c07fe68aa9c86a2d7104b218060097b4a2221940572f27a3224081ed7,17,client
77,Kath78,914004e4cc032b74b221a85a19fd35e467ccc83839c4242dff7851d7bc0688f5aeb13587b5c34ee2cdf34c3f88778efbc55e2e363ffa2ab67c43f8892386e122,12,client
78,Rach79,dbcf54ab8e717a1b895ecf408479eab6d068eb1136a12e2d8512a7300766855dd96df07bfc03ec748309febfcd8421136765fcc0232d107dddc822561cd37e6c,17,client
79,Sara80,d99a23ae2c752d639e40edcc131e0c2f08d1227e8bc610ab6c751a07f1a46aede846b65f51c9cb6cfe3823f6ac907862d698a99bd73a0ea1dbf857cb1bd7d883,3,client
80,Jess81,1aa16dacdf8092c47f5104cd46fe1016e8dc683bb52976250c2cea646e20317543845ce22595295d1a41684896fe28df22a7792918686ed2ca48a043153d7f6e,15,client
81,Sava82,afe15d5676f837cb85a4a62329c487fa63a25e5b02ca2e6412ec83e3a566316cd0860e010a319ea9d92415841e3fddc7557986186d679ca2a754c3882774ac42,9,client
82,Donn83,c0a2597df087a19835b4ca742a4a1eab56ec1df1b25c4751783770f1a9d37b41be9cb97d0bf7200e75905a2e27a1d6e6cd107799fa88faaa6e014edd8f7c09ab,19,client
83,Laur84,48fd4aeea306aa831b971f3ec8fdd345d1989b22b822a7d2a2d9d19f2a758b787ddb68d70bb83e6cb5974dcfb012dc00e4cd597521c19ec7069504d8ec32e859,2,client
84,Rona85,b748b81a8bf8e8f935f5646ee7189d242a15cb89cb36650e26a9a1b4b7c5f577cb951aae420408dce53cb30126fda49ab92b0173597082adb3f2e5efdb6346e9,6,client
85,Dere86,5138e3b8e7943bc2a5d49247944d6f4ce6bf5e9c71691a1663b0dd2794f3c0b7d62de208b50f45f06b6204e16ffca5daafc62033dafa3123b72f91b41d3d5fbe,5,client
86,Fran87,d7d4a8ae5186969fda4f32e02d1d584e301dcc4f23cc570bac2444127a016272017ae3ea6afe521eb8e50feae515768df93a43f99b0200dce2f974ddf9e2f559,2,client
87,Davi88,bdea4a0d0c0bce6e58d74618bfb00fc1b30a4bfa977047b9b82f479f639a70e9bca62aca73cbf0629ecc1735ff4893ed48d1336365676d3586fb17157abc9a05,2,client
88,Pame89,b589154e87a513511a53ac1f9673855649555891b7f2bbccf490a91d674339d057fd6fae3bfd344348464b23e82e5311ea57f4751772fc0f049cf605d827bdf9,15,client
89,Alle90,7ce4007e0d2d3c044b7af9ebcf88c2bd8ae19af120366b36ed840baee867015a98fb347754418b194dd3cff52d9083137ad7f6f43596685df36485fcb51db7ec,7,client
90,Robe91,21a98d3733c1449829592abc3241083c4fa5dda20d289a225398125331ed874e123decacbaf908ec5fc98a78e219414f2f58784d2ce2c43366518e43577f6137,8,client
91,Paig92,0bbd5853a97b8aa2770c0f822299456909cbc249e12519985773e49f1584be53b9fb13278e19910c7d24ce1b277af787b6eb9f6ab0adc68194c099b123d8d168,14,client
92,Tere93,63ef3f159ca0fb3862d5f11ec1e2a28fb347bb0aa9b086de8dcc5475d830c7e389a7ab54144c5a33199520abbfdcd82ceb29485f9048f9a37d6bb6897eb6e646,2,client
93,Alex94,f36c99daa123cb0f51f61c185a1cfb720281399eaf74e76701ffd4ccd7ed5ee134516a2b3be32be3e2571716752b0fdd3289b1be056179cea1a618a454f3ec48,19,client
94,Stev95,24c2120cf5fdcd7b826bbb67d0300254e4f4354b17398dbca4fb3d49e39d7fcdaa7f621e90f85ca9d6216482f0e240587e7b7d9a0b17c1c62798449153582039,17,client
95,Deni96,fb7216aeb166b87e024ed10319b010408b7d014bd815bd5c9933780a75f98c1af0f3ae5a81d731e4831d3fdbfe4b783897db07e15d4b8c7921766906d474f957,13,client
96,Cath97,38591d99f6bb5ad0ee9610f004e6447a767f7f60da2cf054b8253c29ff04b363866621683fe3331467ef5a05ef84d6375a1349c2f50596beb78ee39cd8de4b68,12,client
97,John98,c304e85827a04acf83adfdf35c115a64ef714b1c99fddc4c742db67b7fb86c262e7c9d97526317fab19ad039fbb655cbdcd41ea18063cfaeac471a42c055c1c7,15,client
98,Kare99,e901ba8afd0c8c72a41a173978189c87e6392f6809ca87de9ec4da063f0b5829bad7eb17e5de9e481c94e520fba3391fdcb01fb1b30788a9f160a01913a0836f,20,client
99,Paul100,ec1231e54ade42251aba9ef91b38f66ddbd6a181ad518baa66cac8f70c534a2596498f3c2af39fdf3362f3be3b578fec4b8ed9810333c93ee467f1f25ae404fa,16,client
100,Anth101,04e0092a34d09b617794c07f27a8e97ff32aad387d321721aa35ae44712022bdb5c9e0d693ccb91ae359a306647cc3ff7dd6a440265749d3a2043f767c4007b6,14,supplier
101,Sava102,8d8cfc3c54cddefab8b0134c79b4ca07f622255b44719e60809f1a8b95ff430cf1f0db6fa4177a594b96865a4860e930555eec88b089df6014376f7ac117dd98,19,supplier
102,Jess103,e3ee7ae037054dfd1fe3facf0921dac2de1f22f54a6977bf9dd64c0a65c5e8500f3b1818667728d75d495d261984df6f3970549eae78850768d7351073ace8dd,1,supplier
103,Regi104,947cb80f515290c786743fd2f79ed7393902841629df6440c2fba11049021bce405d913031c2f66e2772a72b719a6f324615c092a0e04a8482554d2b361e9ee5,20,supplier
104,Char105,cc7a0ebee112d8c5e944294ea7c5c195109fe33ff0ffeff66f26e9f908fb32b3b5501eab54ea3831afc14973675b3267b6eebc0a3b2d2e78258598ada2d51c97,10,supplier
105,Alex106,08c0993d3190072a092933354647e650155dd23741a23d658ed086c1015f79d098b8ea9a9116acd11ee6b5ce7e7f9c022e617586358b0d09e9af25ba7e56665f,4,supplier
106,Vane107,3ea75ca306e543cc098420fa6d5efc17381f7562e641c0c9578b69972fed0c8988c6ee932879b58d3670c1af88cc78a3e366efc383fc6bb2f7d8d47c9284a458,5,supplier
107,Will108,07018dfad4707bdcfc00989e5f96666e870f85914a939ea36647ac1b801aa99a9b6085aa944df4228aefe3ab44557da2114584043118ac6d57d6797540845dcb,13,supplier
108,Rich109,afac492bdd8a87971ee13e9ec7687807c6eb771184b2c78433fb83f87f8a176d848f76b8cf9122fd2d2ddaf92fbbdc5af896d7003e50a4ad9038c995a3710fd1,20,supplier
109,Spen110,345a6c38c45fde21b948562c0948257fffa627877c6c81930ab8849bee74c49be29fc39cb025a4cd0dd2c05c42202063ff2c1c278dfdd6cfa6dde08d9e3c76e5,10,supplier
110,Robe111,d56bd4c8bbe0b5beccebadf7e19187790c47a4c9448ef1eadcb0870f2919e5a171036fb8a707fd7530099196d62e96cf7efd9633510c9914561b753ee812dff7,8,supplier
111,Anit112,f4b820c6e6ca7135dd31c9aca457cc5da1d77132a2d2def8ebfdaed361e3a9ace34f33c901a8d0e102a29b2bd698c2c7677fe8560be56da26e1470cd9c9d8368,11,supplier
112,Paul113,b7a2de638707804a8093e90c21ebe2c2c2780e4524c860b3132b23892aa376887a15e25344411c352180ace51e3c01895951be11e2834ce276da29d40164c494,13,supplier
113,Rhon114,411ce96377b69499c1e944965bb9f130792c904f0a278edf20ce1f08ae99022546a9de00cab4acce0eee7a3a5903431f1d4de85b359c7c1aed6af7bc4e49a0ec,11,supplier
114,Dani115,0ce6ca7de0e67562fb4d63e7f77614bf97bc84054b2b60b4bb37c4587cab17827eb8696aa42b9912c3b6812b130ee22c7193282d3e9b8bf9a1167ea107a168c8,14,supplier
115,Edwa116,2e7742e82c5d19e3a5fdbd8d569a1445e515fd9a542ac136d00331d84d649b7e21a85f448e5caa8a664ff6f1f982d3c60de1bde8a6aba1cf8d68385d4ea3e50c,1,supplier
116,Bren117,9846ab0aa768e32078ba63dde38e6f167abd0e7cfda8fe05b3b1bf6da109965c2b231450c76cfbd82f54b40650d9821206f6aa9f8a0f3363657553d918e8ecd9,5,supplier
117,Laur118,60fe5bdec3b73040b66474ad84e7a83dd011cba46c37861b06357437c7ef9c6d7bcaeca8cd7a572073f4163b092532d5972561991434cb83d11f6eea4f37dcee,6,supplier
118,Thom119,b36e24613e967c797b38fa437245a4ec6d644236f7cdbea2145a2eecec87be04a9f5f84446d24356a195bae17c1ce1e1f4b1ae663db441caa53824cc60f09d5a,7,supplier
119,Josh120,defa36d8473056b51c4c28c19853362e0174611e3f8f8c3a780080f2e68e8636ccc62bbfc8d4257aafbd01d7881909e8d761851d4c2f87c02add36a2483464d3,20,supplier
120,Jake121,f7a26ac1de6d6c8345f6dd713f9c4f0173171c96558054b7b5b26ee9ad99b510f2dff9c92c60213bad59a70d5ef1fbb756bd0ef16683de23527feb8cba29d832,11,supplier
121,Erik122,b7f2e829666de0005ea349a056c6e4b4ae75ecd51f6ce863d7314135d92b4c45e5572b0537419fdb38d9bd5b916d4e245e0bb84f1855d181bf78520b70352909,4,supplier
122,Phil123,3d24fdb9741ef8870664eee54f3ac19c290c91133473311b542fca9a525f4605b2fa64ffda4c34bb21e678baacf98e8f958cab4b8b37404d261582dd64f297c7,7,supplier
123,Davi124,da5c465b73c915070451050e190a3fabeb16d6415fcb9ac350060e3433f29a243007600565241d7432da835cca547592af7f944a3399298aad947c86ea5ed225,11,supplier
124,Lynn125,abf7f09bab9840d5396c4bcc15f43d6f958c029687aa10ad9f9c7c9fa8ee8ff96dba709f1d514950d3056cdbf5876ede9f4eeaa970e55473543a8f0f68ee09b9,7,supplier
125,Bria126,229fe31162e2225a08eca43840877431ee65fc9d52bc0d8aeb59652088138c6734cada7263d950a1c22a429c6e03caea39c4d2b9156b1dd3a7f697bbdf21b126,14,supplier
126,Matt127,f3515bdece4f8f84e9795cef11ac0d5e85eb929a3e2df4f84a00dc57e2cfa75c5722418b44e8cf4e208def768a4eed4e4007d8310be45c1f1624e120dd8df3f9,9,supplier
127,Aaro128,5b31693edb189fc17c608021fcbb4640c2f7dc065530bfe991bda0d355d742bb842e44463233c05c2ad7ca43ee0d929d62771f46475562da89b44e3b766f4a65,2,supplier
128,Dani129,809580b1424aa2f583556856a8fff37ea4f523e314732fa6b3f9e189338925d6bfca6ca58cda153f3474aeddc874ad2339329b3ba9f7afe39ccbc9d719c8f80a,17,supplier
129,Lawr130,8bdcab17820ce3f4e249e6bc0373e8cf917de6429e4c834e65fe72a9987bd774ba2fb1f88dc69a39cd8b93f6011147d680380e87a15709241962921efb794177,13,supplier
130,Kris131,dbcae3eec6cf016bbfea820c0befb311c364518a29a94b96a06314ee63e49443fa1fe736d9f5640340f8f67f2a47cdddd59138ad6274b7e0155770acfe8abc3d,9,worker
131,Andr132,2aee46338781dea6b097825831583ebcaf9d100cf4f3146a755ace41b25106d4e00179ba7454fc03cf206b15a49666c30cc6be8256201cf28647084dbc8ef14d,18,worker
132,Keit133,ae94b918134bccb34502423edb90803712f911de2d480b6bb4d79cc132ffc886ed7633eb257f28ff632e487799a31d6aad1782206e53bc82c3c6c3c78f6d4a21,4,worker
133,Mary134,9db40c84bbe9ef49fee13b2d1c8c19d2f43da4b80606399e90bbb741c31c9659ac7fa873861584514facaf3617a0ca3c0820acef852e44e7bdbbd523205d2ff9,8,worker
134,Kevi135,7e34cb29069b86009e20c605a95a388ef7a9eb6950fb491d40423ce46ce078c9e2ac9ef7e8319ec47281bcd7dff9ece2d4bff3d858a65ccf3e18d46610abae30,6,worker
135,Barb136,4c052ce96a5df1b411c2170574c478c8e54f6b18654e04356fbb96c6ffd9a45c4e554f96734f6a752a1b2bc374fef34c0fcb719d6e7865edd638f44efa25947a,17,worker
136,Kimb137,38e034c0000efc80acdcf36d8e511967da14f1c55b44631161980ed9534cc4d488b06604cb8bf80bf6c245d509c0d52a753bbca82a34c8321cd176ec4a937920,13,worker
137,Phil138,f9a43b74e82e639de5e076f61a855848aa146d619cc5f03dfce3b4878aa5e9472cfab99757195c5a1c752c622d7eae8a7de3d3afd5f4823053e1853f6e2adcae,18,worker
138,Hunt139,aea1ccfded40ee32ec2653eef03cdcc1fc470697f8ebe03d67b179a340573655cd184153c6bc68a46b4d9b83b552709a5bb9c6e6431dc1b98044b652ebce0b06,19,worker
139,Marc140,365bc018f1182b37539d3d03122ebc5e4ff2eaeb3d93ca09dbcf70c664c5b2f24c858dbbcc4118e40a230068543f4be31f57c8f14fcff1b0960d5734b016f8c3,13,worker
